timestamp,plant_id,soil_moisture_pct,temperature_c,humidity_pct,watered,irrigation_needed,stress_level
2024-06-01T06:00:00,plant_a,74.7,38.03,41.79,0,0,healthy
2024-06-01T06:30:00,plant_a,75.58,38.39,38.55,0,0,healthy
2024-06-01T07:00:00,plant_a,95.0,38.59,39.63,1,0,healthy
2024-06-01T07:30:00,plant_a,94.98,38.94,41.19,0,0,healthy
2024-06-01T08:00:00,plant_a,95.0,38.95,38.17,0,0,healthy
2024-06-01T08:30:00,plant_a,93.26,38.95,41.41,0,0,healthy
2024-06-01T09:00:00,plant_a,94.33,38.66,40.75,0,0,healthy
2024-06-01T09:30:00,plant_a,92.33,38.32,41.53,0,0,healthy
2024-06-01T10:00:00,plant_a,94.91,38.0,42.52,0,0,healthy
2024-06-01T10:30:00,plant_a,93.94,37.98,41.74,0,0,healthy
2024-06-01T11:00:00,plant_a,94.11,36.54,41.2,0,0,healthy
2024-06-01T11:30:00,plant_a,92.47,36.19,48.41,0,0,healthy
2024-06-01T12:00:00,plant_a,93.77,35.41,50.54,0,0,healthy
2024-06-01T12:30:00,plant_a,91.55,35.16,51.18,0,0,healthy
2024-06-01T13:00:00,plant_a,92.67,34.78,55.05,0,0,healthy
2024-06-01T13:30:00,plant_a,92.73,33.95,57.38,0,0,healthy
2024-06-01T14:00:00,plant_a,91.35,32.62,58.57,0,0,healthy
2024-06-01T14:30:00,plant_a,92.5,32.02,65.39,0,0,healthy
2024-06-01T15:00:00,plant_a,90.72,30.91,65.6,0,0,healthy
2024-06-01T15:30:00,plant_a,93.22,30.81,68.18,0,0,healthy
2024-06-01T16:00:00,plant_a,93.05,29.86,67.14,0,0,healthy
2024-06-01T16:30:00,plant_a,90.54,29.63,69.28,0,0,healthy
2024-06-01T17:00:00,plant_a,91.07,28.76,72.94,0,0,healthy
2024-06-01T17:30:00,plant_a,91.76,28.37,78.62,0,0,healthy
2024-06-01T18:00:00,plant_a,91.51,27.46,75.75,0,0,healthy
2024-06-01T18:30:00,plant_a,89.65,27.74,76.9,0,0,healthy
2024-06-01T19:00:00,plant_a,90.47,27.41,77.51,0,0,healthy
2024-06-01T19:30:00,plant_a,90.11,26.22,77.48,0,0,healthy
2024-06-01T20:00:00,plant_a,89.71,27.07,81.06,0,0,healthy
2024-06-01T20:30:00,plant_a,90.3,27.06,79.35,0,0,healthy
2024-06-01T21:00:00,plant_a,91.57,27.46,79.0,0,0,healthy
2024-06-01T21:30:00,plant_a,89.01,27.72,78.32,0,0,healthy
2024-06-01T22:00:00,plant_a,91.66,27.69,79.52,0,0,healthy
2024-06-01T22:30:00,plant_a,89.72,28.78,75.31,0,0,healthy
2024-06-01T23:00:00,plant_a,89.51,28.21,73.19,0,0,healthy
2024-06-01T23:30:00,plant_a,91.81,29.58,72.48,0,0,healthy
2024-06-02T00:00:00,plant_a,87.13,28.0,68.13,0,0,healthy
2024-06-02T00:30:00,plant_a,89.19,28.16,64.94,0,0,healthy
2024-06-02T01:00:00,plant_a,91.8,28.74,61.83,0,0,healthy
2024-06-02T01:30:00,plant_a,91.24,29.75,59.36,0,0,healthy
2024-06-02T02:00:00,plant_a,89.59,30.21,57.62,0,0,healthy
2024-06-02T02:30:00,plant_a,87.9,31.85,54.69,0,0,healthy
2024-06-02T03:00:00,plant_a,91.97,32.38,54.17,0,0,healthy
2024-06-02T03:30:00,plant_a,87.54,32.96,50.12,0,0,healthy
2024-06-02T04:00:00,plant_a,91.07,33.04,48.78,0,0,healthy
2024-06-02T04:30:00,plant_a,89.56,34.98,46.19,0,0,healthy
2024-06-02T05:00:00,plant_a,88.79,34.75,41.28,0,0,healthy
2024-06-02T05:30:00,plant_a,88.84,35.39,44.46,0,0,healthy
2024-06-02T06:00:00,plant_a,87.74,36.04,37.62,0,0,healthy
2024-06-02T06:30:00,plant_a,87.86,36.36,40.05,0,0,healthy
2024-06-02T07:00:00,plant_a,89.92,36.49,36.3,0,0,healthy
2024-06-02T07:30:00,plant_a,88.57,36.87,38.2,0,0,healthy
2024-06-02T08:00:00,plant_a,87.01,37.16,37.42,0,0,healthy
2024-06-02T08:30:00,plant_a,88.5,37.17,38.38,0,0,healthy
2024-06-02T09:00:00,plant_a,87.81,37.37,38.34,0,0,healthy
2024-06-02T09:30:00,plant_a,86.91,36.3,41.04,0,0,healthy
2024-06-02T10:00:00,plant_a,87.19,36.12,41.77,0,0,healthy
2024-06-02T10:30:00,plant_a,86.22,34.78,41.87,0,0,healthy
2024-06-02T11:00:00,plant_a,86.89,34.71,44.46,0,0,healthy
2024-06-02T11:30:00,plant_a,87.12,33.97,45.89,0,0,healthy
2024-06-02T12:00:00,plant_a,85.93,33.12,47.97,0,0,healthy
2024-06-02T12:30:00,plant_a,85.88,32.71,50.42,0,0,healthy
2024-06-02T13:00:00,plant_a,86.3,32.03,52.72,0,0,healthy
2024-06-02T13:30:00,plant_a,86.72,31.21,55.25,0,0,healthy
2024-06-02T14:00:00,plant_a,85.29,31.62,54.5,0,0,healthy
2024-06-02T14:30:00,plant_a,85.92,29.81,59.75,0,0,healthy
2024-06-02T15:00:00,plant_a,87.17,29.15,65.83,0,0,healthy
2024-06-02T15:30:00,plant_a,84.17,28.56,64.21,0,0,healthy
2024-06-02T16:00:00,plant_a,83.7,27.74,66.87,0,0,healthy
2024-06-02T16:30:00,plant_a,84.61,26.22,72.47,0,0,healthy
2024-06-02T17:00:00,plant_a,84.01,27.17,69.92,0,0,healthy
2024-06-02T17:30:00,plant_a,84.43,27.22,71.86,0,0,healthy
2024-06-02T18:00:00,plant_a,82.16,25.3,75.32,0,0,healthy
2024-06-02T18:30:00,plant_a,84.67,25.68,75.38,0,0,healthy
2024-06-02T19:00:00,plant_a,81.82,24.74,78.47,0,0,healthy
2024-06-02T19:30:00,plant_a,84.21,23.98,77.07,0,0,healthy
2024-06-02T20:00:00,plant_a,85.26,25.56,78.14,0,0,healthy
2024-06-02T20:30:00,plant_a,83.88,24.27,75.86,0,0,healthy
2024-06-02T21:00:00,plant_a,83.52,25.12,77.48,0,0,healthy
2024-06-02T21:30:00,plant_a,82.84,24.71,74.6,0,0,healthy
2024-06-02T22:00:00,plant_a,81.99,25.77,71.14,0,0,healthy
2024-06-02T22:30:00,plant_a,82.94,26.13,75.44,0,0,healthy
2024-06-02T23:00:00,plant_a,83.4,26.87,70.84,0,0,healthy
2024-06-02T23:30:00,plant_a,82.39,26.79,71.76,0,0,healthy
2024-06-03T00:00:00,plant_a,84.36,28.1,78.51,0,0,healthy
2024-06-03T00:30:00,plant_a,83.0,28.86,71.63,0,0,healthy
2024-06-03T01:00:00,plant_a,82.65,30.28,70.95,0,0,healthy
2024-06-03T01:30:00,plant_a,81.11,29.96,66.77,0,0,healthy
2024-06-03T02:00:00,plant_a,83.6,30.37,60.13,0,0,healthy
2024-06-03T02:30:00,plant_a,80.25,31.66,60.75,0,0,healthy
2024-06-03T03:00:00,plant_a,82.83,32.15,56.5,0,0,healthy
2024-06-03T03:30:00,plant_a,79.86,33.33,56.42,0,0,healthy
2024-06-03T04:00:00,plant_a,83.35,34.22,53.23,0,0,healthy
2024-06-03T04:30:00,plant_a,83.66,34.5,50.35,0,0,healthy
2024-06-03T05:00:00,plant_a,81.29,34.91,46.13,0,0,healthy
2024-06-03T05:30:00,plant_a,81.98,35.77,47.11,0,0,healthy
2024-06-03T06:00:00,plant_a,80.81,36.25,48.77,0,0,healthy
2024-06-03T06:30:00,plant_a,81.57,36.25,44.15,0,0,healthy
2024-06-03T07:00:00,plant_a,81.29,36.2,44.01,0,0,healthy
2024-06-03T07:30:00,plant_a,81.28,37.59,45.1,0,0,healthy
2024-06-03T08:00:00,plant_a,82.28,36.62,44.52,0,0,healthy
2024-06-03T08:30:00,plant_a,79.48,36.98,44.32,0,0,healthy
2024-06-03T09:00:00,plant_a,79.73,37.5,45.05,0,0,healthy
2024-06-03T09:30:00,plant_a,78.17,36.67,44.43,0,0,healthy
2024-06-03T10:00:00,plant_a,80.24,36.29,46.78,0,0,healthy
2024-06-03T10:30:00,plant_a,77.57,35.2,48.81,0,0,healthy
2024-06-03T11:00:00,plant_a,81.36,35.91,52.08,0,0,healthy
2024-06-03T11:30:00,plant_a,77.11,34.87,48.47,0,0,healthy
2024-06-03T12:00:00,plant_a,81.29,34.01,51.81,0,0,healthy
2024-06-03T12:30:00,plant_a,81.54,33.46,53.03,0,0,healthy
2024-06-03T13:00:00,plant_a,79.26,32.17,58.51,0,0,healthy
2024-06-03T13:30:00,plant_a,78.13,32.24,58.77,0,0,healthy
2024-06-03T14:00:00,plant_a,78.86,31.63,62.28,0,0,healthy
2024-06-03T14:30:00,plant_a,78.52,30.2,65.09,0,0,healthy
2024-06-03T15:00:00,plant_a,78.85,29.39,67.28,0,0,healthy
2024-06-03T15:30:00,plant_a,80.0,28.93,70.92,0,0,healthy
2024-06-03T16:00:00,plant_a,76.95,27.59,75.36,0,0,healthy
2024-06-03T16:30:00,plant_a,77.38,27.44,75.42,0,0,healthy
2024-06-03T17:00:00,plant_a,78.14,26.62,78.8,0,0,healthy
2024-06-03T17:30:00,plant_a,77.04,26.48,80.39,0,0,healthy
2024-06-03T18:00:00,plant_a,77.0,25.37,79.43,0,0,healthy
2024-06-03T18:30:00,plant_a,76.14,24.97,83.29,0,0,healthy
2024-06-03T19:00:00,plant_a,76.87,25.74,86.25,0,0,healthy
2024-06-03T19:30:00,plant_a,76.87,24.34,82.77,0,0,healthy
2024-06-03T20:00:00,plant_a,76.67,24.31,83.14,0,0,healthy
2024-06-03T20:30:00,plant_a,77.04,24.77,82.19,0,0,healthy
2024-06-03T21:00:00,plant_a,75.74,25.83,82.6,0,0,healthy
2024-06-03T21:30:00,plant_a,75.6,25.21,83.43,0,0,healthy
2024-06-03T22:00:00,plant_a,75.74,25.9,81.93,0,0,healthy
2024-06-03T22:30:00,plant_a,77.43,26.71,78.56,0,0,healthy
2024-06-03T23:00:00,plant_a,77.86,26.35,77.06,0,0,healthy
2024-06-03T23:30:00,plant_a,77.91,27.58,75.7,0,0,healthy
2024-06-04T00:00:00,plant_a,74.92,28.79,69.28,0,0,healthy
2024-06-04T00:30:00,plant_a,75.12,29.01,68.25,0,0,healthy
2024-06-04T01:00:00,plant_a,73.56,30.15,65.66,0,0,healthy
2024-06-04T01:30:00,plant_a,75.27,31.19,63.75,0,0,healthy
2024-06-04T02:00:00,plant_a,75.12,31.3,61.27,0,0,healthy
2024-06-04T02:30:00,plant_a,73.91,32.21,56.67,0,0,healthy
2024-06-04T03:00:00,plant_a,75.68,33.2,55.11,0,0,healthy
2024-06-04T03:30:00,plant_a,76.84,33.95,52.1,0,0,healthy
2024-06-04T04:00:00,plant_a,73.9,34.85,51.02,0,0,healthy
2024-06-04T04:30:00,plant_a,76.97,34.92,48.09,0,0,healthy
2024-06-04T05:00:00,plant_a,75.03,35.77,46.1,0,0,healthy
2024-06-04T05:30:00,plant_a,72.92,36.65,45.34,0,0,healthy
2024-06-04T06:00:00,plant_a,76.21,37.66,42.43,0,0,healthy
2024-06-04T06:30:00,plant_a,74.67,37.11,44.66,0,0,healthy
2024-06-04T07:00:00,plant_a,92.92,37.55,38.7,1,0,healthy
2024-06-04T07:30:00,plant_a,91.74,36.7,38.33,0,0,healthy
2024-06-04T08:00:00,plant_a,95.0,37.22,39.89,0,0,healthy
2024-06-04T08:30:00,plant_a,93.08,37.76,38.75,0,0,healthy
2024-06-04T09:00:00,plant_a,95.0,36.96,39.76,0,0,healthy
2024-06-04T09:30:00,plant_a,94.22,37.12,43.89,0,0,healthy
2024-06-04T10:00:00,plant_a,94.01,36.28,42.07,0,0,healthy
2024-06-04T10:30:00,plant_a,92.96,36.61,44.94,0,0,healthy
2024-06-04T11:00:00,plant_a,93.28,36.15,45.29,0,0,healthy
2024-06-04T11:30:00,plant_a,93.04,35.29,50.34,0,0,healthy
2024-06-04T12:00:00,plant_a,92.86,34.42,48.66,0,0,healthy
2024-06-04T12:30:00,plant_a,93.58,33.62,53.09,0,0,healthy
2024-06-04T13:00:00,plant_a,90.25,33.53,53.05,0,0,healthy
2024-06-04T13:30:00,plant_a,91.38,32.77,55.61,0,0,healthy
2024-06-04T14:00:00,plant_a,92.01,31.59,58.73,0,0,healthy
2024-06-04T14:30:00,plant_a,93.51,31.38,59.88,0,0,healthy
2024-06-04T15:00:00,plant_a,89.96,30.33,63.45,0,0,healthy
2024-06-04T15:30:00,plant_a,91.05,29.32,68.92,0,0,healthy
2024-06-04T16:00:00,plant_a,91.07,28.6,69.06,0,0,healthy
2024-06-04T16:30:00,plant_a,92.73,27.71,72.91,0,0,healthy
2024-06-04T17:00:00,plant_a,90.41,27.36,74.12,0,0,healthy
2024-06-04T17:30:00,plant_a,90.69,26.4,77.29,0,0,healthy
2024-06-04T18:00:00,plant_a,92.46,26.46,78.65,0,0,healthy
2024-06-04T18:30:00,plant_a,91.66,26.39,79.16,0,0,healthy
2024-06-04T19:00:00,plant_a,90.81,26.11,79.65,0,0,healthy
2024-06-04T19:30:00,plant_a,89.3,25.62,77.22,0,0,healthy
2024-06-04T20:00:00,plant_a,90.38,25.73,82.08,0,0,healthy
2024-06-04T20:30:00,plant_a,90.51,25.99,80.05,0,0,healthy
2024-06-04T21:00:00,plant_a,89.04,25.2,78.09,0,0,healthy
2024-06-04T21:30:00,plant_a,88.59,26.27,78.39,0,0,healthy
2024-06-04T22:00:00,plant_a,90.87,26.4,79.11,0,0,healthy
2024-06-04T22:30:00,plant_a,91.43,26.54,75.68,0,0,healthy
2024-06-04T23:00:00,plant_a,89.49,26.67,75.38,0,0,healthy
2024-06-04T23:30:00,plant_a,91.53,27.91,71.66,0,0,healthy
2024-06-05T00:00:00,plant_a,91.29,28.91,72.6,0,0,healthy
2024-06-05T00:30:00,plant_a,90.02,30.33,72.07,0,0,healthy
2024-06-05T01:00:00,plant_a,90.89,31.19,67.38,0,0,healthy
2024-06-05T01:30:00,plant_a,89.14,31.86,62.98,0,0,healthy
2024-06-05T02:00:00,plant_a,91.13,33.26,63.53,0,0,healthy
2024-06-05T02:30:00,plant_a,88.04,34.47,62.69,0,0,healthy
2024-06-05T03:00:00,plant_a,89.45,34.04,55.86,0,0,healthy
2024-06-05T03:30:00,plant_a,89.6,34.78,54.63,0,0,healthy
2024-06-05T04:00:00,plant_a,90.28,35.25,55.34,0,0,healthy
2024-06-05T04:30:00,plant_a,90.73,36.01,48.04,0,0,healthy
2024-06-05T05:00:00,plant_a,88.39,36.68,47.79,0,0,healthy
2024-06-05T05:30:00,plant_a,85.5,37.52,49.17,0,0,healthy
2024-06-05T06:00:00,plant_a,87.14,37.94,42.78,0,0,healthy
2024-06-05T06:30:00,plant_a,89.1,38.3,46.77,0,0,healthy
2024-06-05T07:00:00,plant_a,88.44,38.5,43.84,0,0,healthy
2024-06-05T07:30:00,plant_a,87.42,38.26,42.96,0,0,healthy
2024-06-05T08:00:00,plant_a,87.64,38.92,42.9,0,0,healthy
2024-06-05T08:30:00,plant_a,87.05,38.97,45.11,0,0,healthy
2024-06-05T09:00:00,plant_a,86.14,39.34,42.65,0,0,healthy
2024-06-05T09:30:00,plant_a,86.34,39.37,44.09,0,0,healthy
2024-06-05T10:00:00,plant_a,88.7,38.37,42.49,0,0,healthy
2024-06-05T10:30:00,plant_a,86.98,37.4,44.45,0,0,healthy
2024-06-05T11:00:00,plant_a,84.49,37.14,49.08,0,0,healthy
2024-06-05T11:30:00,plant_a,86.86,36.38,48.96,0,0,healthy
2024-06-05T12:00:00,plant_a,84.98,35.63,50.78,0,0,healthy
2024-06-05T12:30:00,plant_a,85.7,35.14,53.33,0,0,healthy
2024-06-05T13:00:00,plant_a,85.44,34.1,57.15,0,0,healthy
2024-06-05T13:30:00,plant_a,86.11,33.71,60.43,0,0,healthy
2024-06-05T14:00:00,plant_a,83.31,32.7,62.75,0,0,healthy
2024-06-05T14:30:00,plant_a,85.85,31.43,65.18,0,0,healthy
2024-06-05T15:00:00,plant_a,86.34,31.23,67.37,0,0,healthy
2024-06-05T15:30:00,plant_a,85.24,30.65,71.0,0,0,healthy
2024-06-05T16:00:00,plant_a,84.61,29.91,71.16,0,0,healthy
2024-06-05T16:30:00,plant_a,84.16,29.7,74.2,0,0,healthy
2024-06-05T17:00:00,plant_a,84.01,28.41,77.65,0,0,healthy
2024-06-05T17:30:00,plant_a,83.05,28.46,76.79,0,0,healthy
2024-06-05T18:00:00,plant_a,82.68,27.74,79.85,0,0,healthy
2024-06-05T18:30:00,plant_a,84.2,27.73,80.19,0,0,healthy
2024-06-05T19:00:00,plant_a,84.27,26.69,83.54,0,0,healthy
2024-06-05T19:30:00,plant_a,84.41,27.12,82.44,0,0,healthy
2024-06-05T20:00:00,plant_a,82.63,26.72,83.08,0,0,healthy
2024-06-05T20:30:00,plant_a,83.49,26.95,80.12,0,0,healthy
2024-06-05T21:00:00,plant_a,83.68,26.78,80.03,0,0,healthy
2024-06-05T21:30:00,plant_a,83.23,26.57,81.86,0,0,healthy
2024-06-05T22:00:00,plant_a,84.4,27.63,78.16,0,0,healthy
2024-06-05T22:30:00,plant_a,82.21,28.03,74.56,0,0,healthy
2024-06-05T23:00:00,plant_a,83.53,28.87,76.01,0,0,healthy
2024-06-05T23:30:00,plant_a,82.69,29.27,75.03,0,0,healthy
2024-06-06T00:00:00,plant_a,84.48,28.8,65.54,0,0,healthy
2024-06-06T00:30:00,plant_a,82.48,29.57,66.56,0,0,healthy
2024-06-06T01:00:00,plant_a,82.53,29.82,60.45,0,0,healthy
2024-06-06T01:30:00,plant_a,80.27,31.14,57.15,0,0,healthy
2024-06-06T02:00:00,plant_a,81.18,31.01,54.9,0,0,healthy
2024-06-06T02:30:00,plant_a,83.22,32.05,51.34,0,0,healthy
2024-06-06T03:00:00,plant_a,82.63,33.21,52.05,0,0,healthy
2024-06-06T03:30:00,plant_a,83.18,34.09,46.98,0,0,healthy
2024-06-06T04:00:00,plant_a,82.01,35.0,45.7,0,0,healthy
2024-06-06T04:30:00,plant_a,80.31,35.89,43.78,0,0,healthy
2024-06-06T05:00:00,plant_a,81.42,36.04,43.98,0,0,healthy
2024-06-06T05:30:00,plant_a,82.1,36.42,41.73,0,0,healthy
2024-06-06T06:00:00,plant_a,84.24,37.55,40.27,0,0,healthy
2024-06-06T06:30:00,plant_a,80.18,38.84,36.3,0,0,healthy
2024-06-06T07:00:00,plant_a,80.93,37.31,39.7,0,0,healthy
2024-06-06T07:30:00,plant_a,81.72,37.17,37.15,0,0,healthy
2024-06-06T08:00:00,plant_a,81.69,37.67,34.75,0,0,healthy
2024-06-06T08:30:00,plant_a,79.98,37.57,36.78,0,0,healthy
2024-06-06T09:00:00,plant_a,80.03,37.89,35.83,0,0,healthy
2024-06-06T09:30:00,plant_a,78.37,37.04,40.12,0,0,healthy
2024-06-06T10:00:00,plant_a,79.55,37.93,39.99,0,0,healthy
2024-06-06T10:30:00,plant_a,78.62,36.22,41.07,0,0,healthy
2024-06-06T11:00:00,plant_a,78.39,36.99,40.95,0,0,healthy
2024-06-06T11:30:00,plant_a,80.39,36.03,44.24,0,0,healthy
2024-06-06T12:00:00,plant_a,78.16,34.69,47.12,0,0,healthy
2024-06-06T12:30:00,plant_a,80.18,34.11,46.82,0,0,healthy
2024-06-06T13:00:00,plant_a,78.96,33.08,48.13,0,0,healthy
2024-06-06T13:30:00,plant_a,77.85,32.01,54.85,0,0,healthy
2024-06-06T14:00:00,plant_a,80.81,32.54,55.72,0,0,healthy
2024-06-06T14:30:00,plant_a,77.71,31.29,60.78,0,0,healthy
2024-06-06T15:00:00,plant_a,77.57,30.19,65.06,0,0,healthy
2024-06-06T15:30:00,plant_a,77.76,29.31,64.41,0,0,healthy
2024-06-06T16:00:00,plant_a,78.41,28.39,66.2,0,0,healthy
2024-06-06T16:30:00,plant_a,76.15,28.03,71.57,0,0,healthy
2024-06-06T17:00:00,plant_a,78.29,27.52,69.32,0,0,healthy
2024-06-06T17:30:00,plant_a,76.89,27.46,71.6,0,0,healthy
2024-06-06T18:00:00,plant_a,78.88,26.05,73.46,0,0,healthy
2024-06-06T18:30:00,plant_a,79.12,25.45,76.84,0,0,healthy
2024-06-06T19:00:00,plant_a,74.7,25.96,75.64,0,0,healthy
2024-06-06T19:30:00,plant_a,77.83,24.59,73.53,0,0,healthy
2024-06-06T20:00:00,plant_a,76.09,25.81,75.24,0,0,healthy
2024-06-06T20:30:00,plant_a,76.44,25.37,75.8,0,0,healthy
2024-06-06T21:00:00,plant_a,75.63,26.1,76.77,0,0,healthy
2024-06-06T21:30:00,plant_a,78.32,25.99,74.58,0,0,healthy
2024-06-06T22:00:00,plant_a,76.62,26.48,73.82,0,0,healthy
2024-06-06T22:30:00,plant_a,74.66,27.18,71.07,0,0,healthy
2024-06-06T23:00:00,plant_a,75.35,26.92,72.46,0,0,healthy
2024-06-06T23:30:00,plant_a,76.31,28.6,69.16,0,0,healthy
2024-06-07T00:00:00,plant_a,74.31,29.59,69.4,0,0,healthy
2024-06-07T00:30:00,plant_a,75.31,30.29,65.64,0,0,healthy
2024-06-07T01:00:00,plant_a,75.89,31.06,62.95,0,0,healthy
2024-06-07T01:30:00,plant_a,75.4,31.2,61.62,0,0,healthy
2024-06-07T02:00:00,plant_a,74.88,33.54,56.53,0,0,healthy
2024-06-07T02:30:00,plant_a,73.83,34.28,53.27,0,0,healthy
2024-06-07T03:00:00,plant_a,74.84,34.81,52.59,0,0,healthy
2024-06-07T03:30:00,plant_a,73.49,35.39,50.31,0,0,healthy
2024-06-07T04:00:00,plant_a,76.89,36.26,52.81,0,0,healthy
2024-06-07T04:30:00,plant_a,73.25,36.66,44.48,0,0,healthy
2024-06-07T05:00:00,plant_a,76.49,37.59,45.25,0,0,healthy
2024-06-07T05:30:00,plant_a,74.04,37.48,39.35,0,0,healthy
2024-06-07T06:00:00,plant_a,76.9,38.42,40.55,0,0,healthy
2024-06-07T06:30:00,plant_a,75.83,38.86,41.24,0,0,healthy
2024-06-07T07:00:00,plant_a,93.05,38.53,39.23,1,0,healthy
2024-06-07T07:30:00,plant_a,95.0,39.35,36.92,0,0,healthy
2024-06-07T08:00:00,plant_a,94.81,39.9,39.3,0,0,healthy
2024-06-07T08:30:00,plant_a,95.0,38.96,39.58,0,0,healthy
2024-06-07T09:00:00,plant_a,95.0,38.86,40.78,0,0,healthy
2024-06-07T09:30:00,plant_a,93.03,38.8,41.14,0,0,healthy
2024-06-07T10:00:00,plant_a,92.96,38.66,39.92,0,0,healthy
2024-06-07T10:30:00,plant_a,92.68,37.78,45.29,0,0,healthy
2024-06-07T11:00:00,plant_a,93.8,37.64,43.02,0,0,healthy
2024-06-07T11:30:00,plant_a,93.29,36.2,45.23,0,0,healthy
2024-06-07T12:00:00,plant_a,93.98,36.0,50.44,0,0,healthy
2024-06-07T12:30:00,plant_a,92.51,35.24,52.52,0,0,healthy
2024-06-07T13:00:00,plant_a,91.75,33.96,55.03,0,0,healthy
2024-06-07T13:30:00,plant_a,92.81,32.94,55.71,0,0,healthy
2024-06-07T14:00:00,plant_a,91.62,33.72,57.16,0,0,healthy
2024-06-07T14:30:00,plant_a,91.2,31.87,59.29,0,0,healthy
2024-06-07T15:00:00,plant_a,90.86,30.89,61.89,0,0,healthy
2024-06-07T15:30:00,plant_a,89.59,30.12,63.57,0,0,healthy
2024-06-07T16:00:00,plant_a,90.72,29.75,66.42,0,0,healthy
2024-06-07T16:30:00,plant_a,91.75,29.35,69.79,0,0,healthy
2024-06-07T17:00:00,plant_a,90.47,29.41,72.76,0,0,healthy
2024-06-07T17:30:00,plant_a,91.46,27.23,73.14,0,0,healthy
2024-06-07T18:00:00,plant_a,88.16,27.65,76.14,0,0,healthy
2024-06-07T18:30:00,plant_a,89.84,27.68,75.2,0,0,healthy
2024-06-07T19:00:00,plant_a,91.24,26.6,77.18,0,0,healthy
2024-06-07T19:30:00,plant_a,90.97,27.29,77.9,0,0,healthy
2024-06-07T20:00:00,plant_a,92.72,26.85,77.58,0,0,healthy
2024-06-07T20:30:00,plant_a,87.01,27.78,77.53,0,0,healthy
2024-06-07T21:00:00,plant_a,88.86,27.75,79.43,0,0,healthy
2024-06-07T21:30:00,plant_a,90.36,26.9,77.36,0,0,healthy
2024-06-07T22:00:00,plant_a,89.44,27.36,77.14,0,0,healthy
2024-06-07T22:30:00,plant_a,87.6,28.49,74.81,0,0,healthy
2024-06-07T23:00:00,plant_a,92.59,28.91,69.31,0,0,healthy
2024-06-07T23:30:00,plant_a,89.1,29.39,70.97,0,0,healthy
2024-06-08T00:00:00,plant_a,91.15,29.62,71.61,0,0,healthy
2024-06-08T00:30:00,plant_a,91.01,31.73,72.55,0,0,healthy
2024-06-08T01:00:00,plant_a,89.26,32.29,69.85,0,0,healthy
2024-06-08T01:30:00,plant_a,91.04,32.91,65.95,0,0,healthy
2024-06-08T02:00:00,plant_a,88.53,32.83,63.58,0,0,healthy
2024-06-08T02:30:00,plant_a,88.93,34.18,58.62,0,0,healthy
2024-06-08T03:00:00,plant_a,88.75,35.05,55.39,0,0,healthy
2024-06-08T03:30:00,plant_a,89.18,35.8,54.33,0,0,healthy
2024-06-08T04:00:00,plant_a,88.08,36.72,54.91,0,0,healthy
2024-06-08T04:30:00,plant_a,88.13,37.55,51.26,0,0,healthy
2024-06-08T05:00:00,plant_a,85.54,37.35,47.01,0,0,healthy
2024-06-08T05:30:00,plant_a,89.54,38.24,46.95,0,0,healthy
2024-06-08T06:00:00,plant_a,89.24,38.24,43.66,0,0,healthy
2024-06-08T06:30:00,plant_a,86.87,38.88,43.45,0,0,healthy
2024-06-08T07:00:00,plant_a,88.39,38.91,44.14,0,0,healthy
2024-06-08T07:30:00,plant_a,89.12,39.97,43.34,0,0,healthy
2024-06-08T08:00:00,plant_a,88.07,39.68,43.02,0,0,healthy
2024-06-08T08:30:00,plant_a,86.88,39.87,44.85,0,0,healthy
2024-06-08T09:00:00,plant_a,89.84,39.22,43.27,0,0,healthy
2024-06-08T09:30:00,plant_a,87.76,38.95,44.55,0,0,healthy
2024-06-08T10:00:00,plant_a,86.91,38.53,47.42,0,0,healthy
2024-06-08T10:30:00,plant_a,87.03,38.19,47.56,0,0,healthy
2024-06-08T11:00:00,plant_a,86.79,37.77,47.86,0,0,healthy
2024-06-08T11:30:00,plant_a,84.92,37.05,48.22,0,0,healthy
2024-06-08T12:00:00,plant_a,86.42,35.94,53.48,0,0,healthy
2024-06-08T12:30:00,plant_a,86.84,35.82,54.3,0,0,healthy
2024-06-08T13:00:00,plant_a,86.22,34.17,55.28,0,0,healthy
2024-06-08T13:30:00,plant_a,85.32,34.33,59.37,0,0,healthy
2024-06-08T14:00:00,plant_a,84.08,33.46,61.42,0,0,healthy
2024-06-08T14:30:00,plant_a,83.8,32.76,64.4,0,0,healthy
2024-06-08T15:00:00,plant_a,86.32,32.12,68.38,0,0,healthy
2024-06-08T15:30:00,plant_a,85.09,30.77,68.35,0,0,healthy
2024-06-08T16:00:00,plant_a,82.76,31.56,70.48,0,0,healthy
2024-06-08T16:30:00,plant_a,84.11,29.61,73.86,0,0,healthy
2024-06-08T17:00:00,plant_a,83.51,28.42,74.75,0,0,healthy
2024-06-08T17:30:00,plant_a,82.41,28.6,76.94,0,0,healthy
2024-06-08T18:00:00,plant_a,83.13,28.3,78.55,0,0,healthy
2024-06-08T18:30:00,plant_a,84.96,27.71,80.92,0,0,healthy
2024-06-08T19:00:00,plant_a,82.15,27.87,80.81,0,0,healthy
2024-06-08T19:30:00,plant_a,84.14,27.59,81.67,0,0,healthy
2024-06-08T20:00:00,plant_a,83.84,27.25,84.12,0,0,healthy
2024-06-08T20:30:00,plant_a,84.63,27.65,80.16,0,0,healthy
2024-06-08T21:00:00,plant_a,82.14,27.35,81.05,0,0,healthy
2024-06-08T21:30:00,plant_a,83.95,27.51,82.35,0,0,healthy
2024-06-08T22:00:00,plant_a,83.38,27.41,78.71,0,0,healthy
2024-06-08T22:30:00,plant_a,80.24,28.35,77.15,0,0,healthy
2024-06-08T23:00:00,plant_a,82.58,29.03,75.65,0,0,healthy
2024-06-08T23:30:00,plant_a,82.58,30.36,76.1,0,0,healthy
2024-06-09T00:00:00,plant_a,81.79,32.49,67.08,0,0,healthy
2024-06-09T00:30:00,plant_a,82.06,33.3,63.81,0,0,healthy
2024-06-09T01:00:00,plant_a,83.6,32.93,64.48,0,0,healthy
2024-06-09T01:30:00,plant_a,82.57,34.88,60.91,0,0,healthy
2024-06-09T02:00:00,plant_a,82.58,35.24,59.14,0,0,healthy
2024-06-09T02:30:00,plant_a,81.55,35.75,57.05,0,0,healthy
2024-06-09T03:00:00,plant_a,83.47,36.16,53.67,0,0,healthy
2024-06-09T03:30:00,plant_a,82.68,37.22,51.58,0,0,healthy
2024-06-09T04:00:00,plant_a,82.14,37.71,48.32,0,0,healthy
2024-06-09T04:30:00,plant_a,82.57,38.2,49.09,0,0,healthy
2024-06-09T05:00:00,plant_a,82.17,38.72,45.8,0,0,healthy
2024-06-09T05:30:00,plant_a,81.99,40.05,45.39,0,0,healthy
2024-06-09T06:00:00,plant_a,81.22,39.9,41.29,0,0,healthy
2024-06-09T06:30:00,plant_a,80.35,40.23,41.46,0,0,healthy
2024-06-09T07:00:00,plant_a,81.39,40.59,39.09,0,0,healthy
2024-06-09T07:30:00,plant_a,81.63,40.74,38.13,0,0,healthy
2024-06-09T08:00:00,plant_a,80.85,40.88,37.91,0,0,healthy
2024-06-09T08:30:00,plant_a,81.84,41.27,39.75,0,0,healthy
2024-06-09T09:00:00,plant_a,80.81,40.99,40.15,0,0,healthy
2024-06-09T09:30:00,plant_a,81.52,41.19,41.16,0,0,healthy
2024-06-09T10:00:00,plant_a,80.77,40.53,41.69,0,0,healthy
2024-06-09T10:30:00,plant_a,78.67,40.11,41.3,0,0,healthy
2024-06-09T11:00:00,plant_a,81.95,39.58,45.66,0,0,healthy
2024-06-09T11:30:00,plant_a,79.64,39.34,45.92,0,0,healthy
2024-06-09T12:00:00,plant_a,77.96,37.75,49.12,0,0,healthy
2024-06-09T12:30:00,plant_a,77.92,37.35,52.07,0,0,healthy
2024-06-09T13:00:00,plant_a,77.93,37.18,52.25,0,0,healthy
2024-06-09T13:30:00,plant_a,77.16,35.92,56.59,0,0,healthy
2024-06-09T14:00:00,plant_a,78.98,34.74,57.97,0,0,healthy
2024-06-09T14:30:00,plant_a,77.5,33.93,62.91,0,0,healthy
2024-06-09T15:00:00,plant_a,77.5,33.74,65.57,0,0,healthy
2024-06-09T15:30:00,plant_a,79.14,33.05,68.35,0,0,healthy
2024-06-09T16:00:00,plant_a,78.64,31.78,69.12,0,0,healthy
2024-06-09T16:30:00,plant_a,75.36,31.45,70.68,0,0,healthy
2024-06-09T17:00:00,plant_a,77.88,30.96,71.63,0,0,healthy
2024-06-09T17:30:00,plant_a,76.05,30.09,74.61,0,0,healthy
2024-06-09T18:00:00,plant_a,77.34,29.33,76.91,0,0,healthy
2024-06-09T18:30:00,plant_a,75.0,28.58,79.07,0,0,healthy
2024-06-09T19:00:00,plant_a,75.36,28.97,76.71,0,0,healthy
2024-06-09T19:30:00,plant_a,75.15,28.88,78.73,0,0,healthy
2024-06-09T20:00:00,plant_a,77.94,29.17,79.12,0,0,healthy
2024-06-09T20:30:00,plant_a,77.61,29.49,79.96,0,0,healthy
2024-06-09T21:00:00,plant_a,76.16,29.6,81.49,0,0,healthy
2024-06-09T21:30:00,plant_a,77.39,30.15,79.38,0,0,healthy
2024-06-09T22:00:00,plant_a,77.58,29.36,75.17,0,0,healthy
2024-06-09T22:30:00,plant_a,76.47,29.56,74.49,0,0,healthy
2024-06-09T23:00:00,plant_a,77.54,30.48,74.46,0,0,healthy
2024-06-09T23:30:00,plant_a,74.85,31.14,73.23,0,0,healthy
2024-06-10T00:00:00,plant_a,76.6,30.59,75.46,0,0,healthy
2024-06-10T00:30:00,plant_a,77.78,30.83,72.53,0,0,healthy
2024-06-10T01:00:00,plant_a,75.36,31.91,68.1,0,0,healthy
2024-06-10T01:30:00,plant_a,77.26,32.24,66.19,0,0,healthy
2024-06-10T02:00:00,plant_a,76.48,33.8,62.59,0,0,healthy
2024-06-10T02:30:00,plant_a,76.93,33.97,62.01,0,0,healthy
2024-06-10T03:00:00,plant_a,76.02,34.47,58.34,0,0,healthy
2024-06-10T03:30:00,plant_a,75.69,35.63,54.14,0,0,healthy
2024-06-10T04:00:00,plant_a,75.06,35.9,55.44,0,0,healthy
2024-06-10T04:30:00,plant_a,73.87,36.86,52.44,0,0,healthy
2024-06-10T05:00:00,plant_a,75.8,38.01,51.03,0,0,healthy
2024-06-10T05:30:00,plant_a,74.6,37.82,48.3,0,0,healthy
2024-06-10T06:00:00,plant_a,75.81,38.54,43.68,0,0,healthy
2024-06-10T06:30:00,plant_a,76.2,39.25,42.36,0,0,healthy
2024-06-10T07:00:00,plant_a,95.0,38.69,42.86,1,0,healthy
2024-06-10T07:30:00,plant_a,93.49,39.17,41.82,0,0,healthy
2024-06-10T08:00:00,plant_a,93.93,39.76,43.34,0,0,healthy
2024-06-10T08:30:00,plant_a,95.0,39.86,42.51,0,0,healthy
2024-06-10T09:00:00,plant_a,94.38,39.49,46.14,0,0,healthy
2024-06-10T09:30:00,plant_a,95.0,39.57,45.95,0,0,healthy
2024-06-10T10:00:00,plant_a,95.0,37.96,46.9,0,0,healthy
2024-06-10T10:30:00,plant_a,93.9,38.26,46.24,0,0,healthy
2024-06-10T11:00:00,plant_a,92.91,37.88,50.02,0,0,healthy
2024-06-10T11:30:00,plant_a,91.4,37.21,49.89,0,0,healthy
2024-06-10T12:00:00,plant_a,91.84,36.63,52.41,0,0,healthy
2024-06-10T12:30:00,plant_a,91.96,35.46,55.67,0,0,healthy
2024-06-10T13:00:00,plant_a,92.52,34.59,56.46,0,0,healthy
2024-06-10T13:30:00,plant_a,92.09,34.42,58.72,0,0,healthy
2024-06-10T14:00:00,plant_a,92.69,33.14,66.99,0,0,healthy
2024-06-10T14:30:00,plant_a,90.77,32.38,65.8,0,0,healthy
2024-06-10T15:00:00,plant_a,90.62,32.25,70.78,0,0,healthy
2024-06-10T15:30:00,plant_a,91.05,31.25,69.78,0,0,healthy
2024-06-10T16:00:00,plant_a,91.34,31.05,74.24,0,0,healthy
2024-06-10T16:30:00,plant_a,90.09,30.44,76.82,0,0,healthy
2024-06-10T17:00:00,plant_a,91.61,28.97,77.14,0,0,healthy
2024-06-10T17:30:00,plant_a,89.93,28.9,78.29,0,0,healthy
2024-06-10T18:00:00,plant_a,88.08,28.65,80.51,0,0,healthy
2024-06-10T18:30:00,plant_a,91.95,27.88,81.66,0,0,healthy
2024-06-10T19:00:00,plant_a,91.89,27.83,82.65,0,0,healthy
2024-06-10T19:30:00,plant_a,94.32,27.46,82.98,0,0,healthy
2024-06-10T20:00:00,plant_a,92.47,27.15,81.34,0,0,healthy
2024-06-10T20:30:00,plant_a,88.61,27.74,83.67,0,0,healthy
2024-06-10T21:00:00,plant_a,91.16,27.14,83.73,0,0,healthy
2024-06-10T21:30:00,plant_a,91.66,27.89,81.43,0,0,healthy
2024-06-10T22:00:00,plant_a,91.0,28.43,81.19,0,0,healthy
2024-06-10T22:30:00,plant_a,88.85,28.64,76.95,0,0,healthy
2024-06-10T23:00:00,plant_a,90.88,29.44,76.9,0,0,healthy
2024-06-10T23:30:00,plant_a,90.46,29.2,76.36,0,0,healthy
2024-06-11T00:00:00,plant_a,89.42,29.26,68.16,0,0,healthy
2024-06-11T00:30:00,plant_a,88.94,30.39,64.33,0,0,healthy
2024-06-11T01:00:00,plant_a,89.76,30.88,59.8,0,0,healthy
2024-06-11T01:30:00,plant_a,90.31,31.45,60.66,0,0,healthy
2024-06-11T02:00:00,plant_a,89.22,32.07,57.05,0,0,healthy
2024-06-11T02:30:00,plant_a,89.28,32.52,53.59,0,0,healthy
2024-06-11T03:00:00,plant_a,90.75,33.73,50.01,0,0,healthy
2024-06-11T03:30:00,plant_a,89.96,33.77,45.66,0,0,healthy
2024-06-11T04:00:00,plant_a,88.97,35.28,46.82,0,0,healthy
2024-06-11T04:30:00,plant_a,87.78,35.8,42.22,0,0,healthy
2024-06-11T05:00:00,plant_a,88.99,35.81,42.12,0,0,healthy
2024-06-11T05:30:00,plant_a,88.91,36.27,39.84,0,0,healthy
2024-06-11T06:00:00,plant_a,89.42,38.03,36.91,0,0,healthy
2024-06-11T06:30:00,plant_a,88.75,37.26,36.0,0,0,healthy
2024-06-11T07:00:00,plant_a,90.1,38.27,35.97,0,0,healthy
2024-06-11T07:30:00,plant_a,88.29,38.42,36.93,0,0,healthy
2024-06-11T08:00:00,plant_a,90.55,38.45,32.0,0,0,healthy
2024-06-11T08:30:00,plant_a,87.31,37.86,36.36,0,0,healthy
2024-06-11T09:00:00,plant_a,87.48,37.75,35.55,0,0,healthy
2024-06-11T09:30:00,plant_a,88.9,37.99,37.01,0,0,healthy
2024-06-11T10:00:00,plant_a,87.87,37.68,41.07,0,0,healthy
2024-06-11T10:30:00,plant_a,85.57,37.28,39.71,0,0,healthy
2024-06-11T11:00:00,plant_a,88.0,36.38,38.94,0,0,healthy
2024-06-11T11:30:00,plant_a,86.43,35.15,43.99,0,0,healthy
2024-06-11T12:00:00,plant_a,86.09,35.05,44.26,0,0,healthy
2024-06-11T12:30:00,plant_a,84.6,34.17,48.47,0,0,healthy
2024-06-11T13:00:00,plant_a,87.26,34.05,50.61,0,0,healthy
2024-06-11T13:30:00,plant_a,87.03,32.45,54.91,0,0,healthy
2024-06-11T14:00:00,plant_a,85.08,32.31,57.45,0,0,healthy
2024-06-11T14:30:00,plant_a,84.27,31.75,59.09,0,0,healthy
2024-06-11T15:00:00,plant_a,87.78,30.54,63.57,0,0,healthy
2024-06-11T15:30:00,plant_a,85.48,29.45,66.19,0,0,healthy
2024-06-11T16:00:00,plant_a,83.26,28.32,67.77,0,0,healthy
2024-06-11T16:30:00,plant_a,85.65,28.58,68.27,0,0,healthy
2024-06-11T17:00:00,plant_a,86.11,28.25,69.65,0,0,healthy
2024-06-11T17:30:00,plant_a,84.95,26.95,71.52,0,0,healthy
2024-06-11T18:00:00,plant_a,82.69,26.13,72.05,0,0,healthy
2024-06-11T18:30:00,plant_a,85.31,26.23,74.14,0,0,healthy
2024-06-11T19:00:00,plant_a,82.35,26.76,75.81,0,0,healthy
2024-06-11T19:30:00,plant_a,84.24,26.22,74.56,0,0,healthy
2024-06-11T20:00:00,plant_a,82.41,26.55,76.4,0,0,healthy
2024-06-11T20:30:00,plant_a,84.44,25.0,77.98,0,0,healthy
2024-06-11T21:00:00,plant_a,82.87,27.28,75.04,0,0,healthy
2024-06-11T21:30:00,plant_a,83.45,26.93,73.65,0,0,healthy
2024-06-11T22:00:00,plant_a,84.42,26.76,75.75,0,0,healthy
2024-06-11T22:30:00,plant_a,84.29,27.65,71.27,0,0,healthy
2024-06-11T23:00:00,plant_a,83.06,28.09,67.58,0,0,healthy
2024-06-11T23:30:00,plant_a,82.63,28.93,66.76,0,0,healthy
2024-06-12T00:00:00,plant_a,84.7,28.56,71.72,0,0,healthy
2024-06-12T00:30:00,plant_a,81.66,29.71,69.58,0,0,healthy
2024-06-12T01:00:00,plant_a,84.28,30.8,68.29,0,0,healthy
2024-06-12T01:30:00,plant_a,83.04,30.54,65.83,0,0,healthy
2024-06-12T02:00:00,plant_a,81.1,31.64,62.34,0,0,healthy
2024-06-12T02:30:00,plant_a,83.07,33.24,58.62,0,0,healthy
2024-06-12T03:00:00,plant_a,80.39,33.26,56.32,0,0,healthy
2024-06-12T03:30:00,plant_a,81.87,34.68,53.21,0,0,healthy
2024-06-12T04:00:00,plant_a,80.44,35.0,49.51,0,0,healthy
2024-06-12T04:30:00,plant_a,84.08,35.58,46.95,0,0,healthy
2024-06-12T05:00:00,plant_a,83.21,37.01,44.08,0,0,healthy
2024-06-12T05:30:00,plant_a,82.87,36.77,45.63,0,0,healthy
2024-06-12T06:00:00,plant_a,82.08,37.21,42.87,0,0,healthy
2024-06-12T06:30:00,plant_a,83.22,36.82,45.69,0,0,healthy
2024-06-12T07:00:00,plant_a,83.21,37.14,41.91,0,0,healthy
2024-06-12T07:30:00,plant_a,82.91,37.57,41.16,0,0,healthy
2024-06-12T08:00:00,plant_a,80.55,38.28,40.32,0,0,healthy
2024-06-12T08:30:00,plant_a,80.84,37.98,41.09,0,0,healthy
2024-06-12T09:00:00,plant_a,79.61,37.07,39.64,0,0,healthy
2024-06-12T09:30:00,plant_a,79.03,36.67,41.66,0,0,healthy
2024-06-12T10:00:00,plant_a,80.6,37.03,42.67,0,0,healthy
2024-06-12T10:30:00,plant_a,78.8,36.18,43.28,0,0,healthy
2024-06-12T11:00:00,plant_a,78.32,36.34,44.98,0,0,healthy
2024-06-12T11:30:00,plant_a,79.6,35.22,52.7,0,0,healthy
2024-06-12T12:00:00,plant_a,77.19,34.89,50.73,0,0,healthy
2024-06-12T12:30:00,plant_a,78.2,34.24,53.81,0,0,healthy
2024-06-12T13:00:00,plant_a,77.62,33.54,56.64,0,0,healthy
2024-06-12T13:30:00,plant_a,80.26,32.35,60.83,0,0,healthy
2024-06-12T14:00:00,plant_a,78.24,31.03,62.02,0,0,healthy
2024-06-12T14:30:00,plant_a,78.17,30.68,65.24,0,0,healthy
2024-06-12T15:00:00,plant_a,77.51,30.67,66.28,0,0,healthy
2024-06-12T15:30:00,plant_a,78.79,29.79,69.6,0,0,healthy
2024-06-12T16:00:00,plant_a,76.48,29.18,71.26,0,0,healthy
2024-06-12T16:30:00,plant_a,79.95,28.35,74.53,0,0,healthy
2024-06-12T17:00:00,plant_a,76.48,27.41,75.52,0,0,healthy
2024-06-12T17:30:00,plant_a,75.86,26.59,76.94,0,0,healthy
2024-06-12T18:00:00,plant_a,77.04,26.7,80.23,0,0,healthy
2024-06-12T18:30:00,plant_a,76.55,26.54,79.49,0,0,healthy
2024-06-12T19:00:00,plant_a,76.69,26.12,77.45,0,0,healthy
2024-06-12T19:30:00,plant_a,76.92,25.61,79.67,0,0,healthy
2024-06-12T20:00:00,plant_a,74.5,25.64,78.42,0,0,healthy
2024-06-12T20:30:00,plant_a,77.74,25.77,78.54,0,0,healthy
2024-06-12T21:00:00,plant_a,75.84,26.32,79.66,0,0,healthy
2024-06-12T21:30:00,plant_a,76.26,26.12,79.52,0,0,healthy
2024-06-12T22:00:00,plant_a,74.52,26.6,77.72,0,0,healthy
2024-06-12T22:30:00,plant_a,80.07,26.97,76.42,0,0,healthy
2024-06-12T23:00:00,plant_a,77.69,27.51,75.75,0,0,healthy
2024-06-12T23:30:00,plant_a,75.43,28.78,72.47,0,0,healthy
2024-06-13T00:00:00,plant_a,76.8,28.03,65.79,0,0,healthy
2024-06-13T00:30:00,plant_a,76.23,28.52,64.93,0,0,healthy
2024-06-13T01:00:00,plant_a,74.79,29.1,60.01,0,0,healthy
2024-06-13T01:30:00,plant_a,75.08,29.54,60.68,0,0,healthy
2024-06-13T02:00:00,plant_a,77.77,31.62,56.16,0,0,healthy
2024-06-13T02:30:00,plant_a,74.72,30.98,56.05,0,0,healthy
2024-06-13T03:00:00,plant_a,73.75,32.01,50.22,0,0,healthy
2024-06-13T03:30:00,plant_a,77.58,32.47,50.25,0,0,healthy
2024-06-13T04:00:00,plant_a,76.93,33.51,46.95,0,0,healthy
2024-06-13T04:30:00,plant_a,73.38,34.2,43.75,0,0,healthy
2024-06-13T05:00:00,plant_a,72.0,34.99,42.64,0,0,healthy
2024-06-13T05:30:00,plant_a,72.94,34.78,39.26,0,0,healthy
2024-06-13T06:00:00,plant_a,74.22,35.65,37.49,0,0,healthy
2024-06-13T06:30:00,plant_a,73.5,36.25,37.06,0,0,healthy
2024-06-13T07:00:00,plant_a,94.87,36.28,37.62,1,0,healthy
2024-06-13T07:30:00,plant_a,94.65,36.87,36.57,0,0,healthy
2024-06-13T08:00:00,plant_a,95.0,37.08,34.06,0,0,healthy
2024-06-13T08:30:00,plant_a,95.0,37.24,34.96,0,0,healthy
2024-06-13T09:00:00,plant_a,94.24,36.23,37.59,0,0,healthy
2024-06-13T09:30:00,plant_a,94.7,35.86,39.74,0,0,healthy
2024-06-13T10:00:00,plant_a,92.84,35.72,40.46,0,0,healthy
2024-06-13T10:30:00,plant_a,95.0,35.14,41.55,0,0,healthy
2024-06-13T11:00:00,plant_a,93.69,34.19,40.67,0,0,healthy
2024-06-13T11:30:00,plant_a,91.76,34.03,43.45,0,0,healthy
2024-06-13T12:00:00,plant_a,93.01,34.09,46.88,0,0,healthy
2024-06-13T12:30:00,plant_a,95.0,32.78,49.78,0,0,healthy
2024-06-13T13:00:00,plant_a,93.03,32.74,50.5,0,0,healthy
2024-06-13T13:30:00,plant_a,93.33,32.02,52.56,0,0,healthy
2024-06-13T14:00:00,plant_a,92.01,30.78,55.6,0,0,healthy
2024-06-13T14:30:00,plant_a,90.85,30.53,58.51,0,0,healthy
2024-06-13T15:00:00,plant_a,93.78,28.82,61.11,0,0,healthy
2024-06-13T15:30:00,plant_a,92.47,28.2,62.55,0,0,healthy
2024-06-13T16:00:00,plant_a,90.48,27.69,65.25,0,0,healthy
2024-06-13T16:30:00,plant_a,91.28,26.03,67.59,0,0,healthy
2024-06-13T17:00:00,plant_a,90.81,26.13,68.9,0,0,healthy
2024-06-13T17:30:00,plant_a,89.83,25.85,74.35,0,0,healthy
2024-06-13T18:00:00,plant_a,89.09,25.27,75.03,0,0,healthy
2024-06-13T18:30:00,plant_a,91.05,25.0,74.05,0,0,healthy
2024-06-13T19:00:00,plant_a,90.57,24.74,72.29,0,0,healthy
2024-06-13T19:30:00,plant_a,89.61,23.85,78.01,0,0,healthy
2024-06-13T20:00:00,plant_a,91.38,24.27,77.46,0,0,healthy
2024-06-13T20:30:00,plant_a,93.26,24.38,78.03,0,0,healthy
2024-06-13T21:00:00,plant_a,90.71,24.69,73.91,0,0,healthy
2024-06-13T21:30:00,plant_a,89.56,24.88,71.25,0,0,healthy
2024-06-13T22:00:00,plant_a,90.82,25.26,74.26,0,0,healthy
2024-06-13T22:30:00,plant_a,89.65,27.02,69.63,0,0,healthy
2024-06-13T23:00:00,plant_a,89.01,26.62,73.93,0,0,healthy
2024-06-13T23:30:00,plant_a,88.91,27.66,67.05,0,0,healthy
2024-06-14T00:00:00,plant_a,91.53,30.54,72.48,0,0,healthy
2024-06-14T00:30:00,plant_a,91.99,30.95,71.19,0,0,healthy
2024-06-14T01:00:00,plant_a,88.38,31.83,67.03,0,0,healthy
2024-06-14T01:30:00,plant_a,88.72,32.47,61.94,0,0,healthy
2024-06-14T02:00:00,plant_a,90.02,33.66,58.02,0,0,healthy
2024-06-14T02:30:00,plant_a,89.59,34.55,58.78,0,0,healthy
2024-06-14T03:00:00,plant_a,89.62,34.56,54.0,0,0,healthy
2024-06-14T03:30:00,plant_a,88.36,36.33,48.97,0,0,healthy
2024-06-14T04:00:00,plant_a,89.65,36.08,51.05,0,0,healthy
2024-06-14T04:30:00,plant_a,89.78,37.25,47.72,0,0,healthy
2024-06-14T05:00:00,plant_a,88.32,38.02,44.92,0,0,healthy
2024-06-14T05:30:00,plant_a,89.48,38.29,39.55,0,0,healthy
2024-06-14T06:00:00,plant_a,87.86,39.31,44.0,0,0,healthy
2024-06-14T06:30:00,plant_a,88.46,39.0,40.16,0,0,healthy
2024-06-14T07:00:00,plant_a,88.94,39.54,38.35,0,0,healthy
2024-06-14T07:30:00,plant_a,88.82,39.95,37.88,0,0,healthy
2024-06-14T08:00:00,plant_a,87.62,39.7,40.22,0,0,healthy
2024-06-14T08:30:00,plant_a,87.16,39.25,38.61,0,0,healthy
2024-06-14T09:00:00,plant_a,87.93,39.48,39.79,0,0,healthy
2024-06-14T09:30:00,plant_a,85.63,38.62,41.62,0,0,healthy
2024-06-14T10:00:00,plant_a,85.59,38.8,41.28,0,0,healthy
2024-06-14T10:30:00,plant_a,86.11,38.28,45.78,0,0,healthy
2024-06-14T11:00:00,plant_a,86.96,37.63,42.79,0,0,healthy
2024-06-14T11:30:00,plant_a,87.0,37.62,47.87,0,0,healthy
2024-06-14T12:00:00,plant_a,87.56,36.7,47.18,0,0,healthy
2024-06-14T12:30:00,plant_a,85.89,36.02,52.57,0,0,healthy
2024-06-14T13:00:00,plant_a,85.13,35.04,54.51,0,0,healthy
2024-06-14T13:30:00,plant_a,87.03,34.7,57.5,0,0,healthy
2024-06-14T14:00:00,plant_a,85.76,33.1,57.49,0,0,healthy
2024-06-14T14:30:00,plant_a,84.97,33.14,62.34,0,0,healthy
2024-06-14T15:00:00,plant_a,85.56,31.36,62.12,0,0,healthy
2024-06-14T15:30:00,plant_a,86.05,31.2,64.82,0,0,healthy
2024-06-14T16:00:00,plant_a,85.59,30.61,73.56,0,0,healthy
2024-06-14T16:30:00,plant_a,85.86,30.0,71.09,0,0,healthy
2024-06-14T17:00:00,plant_a,84.49,29.23,71.12,0,0,healthy
2024-06-14T17:30:00,plant_a,85.19,28.86,70.87,0,0,healthy
2024-06-14T18:00:00,plant_a,83.19,27.98,77.93,0,0,healthy
2024-06-14T18:30:00,plant_a,83.79,28.56,75.23,0,0,healthy
2024-06-14T19:00:00,plant_a,82.45,28.14,77.47,0,0,healthy
2024-06-14T19:30:00,plant_a,82.38,27.35,77.83,0,0,healthy
2024-06-14T20:00:00,plant_a,84.22,27.96,76.76,0,0,healthy
2024-06-14T20:30:00,plant_a,83.16,27.57,79.09,0,0,healthy
2024-06-14T21:00:00,plant_a,84.46,27.76,77.59,0,0,healthy
2024-06-14T21:30:00,plant_a,82.08,27.24,77.06,0,0,healthy
2024-06-14T22:00:00,plant_a,83.39,28.68,75.89,0,0,healthy
2024-06-14T22:30:00,plant_a,86.13,28.72,74.28,0,0,healthy
2024-06-14T23:00:00,plant_a,83.77,28.88,73.59,0,0,healthy
2024-06-14T23:30:00,plant_a,80.81,30.13,71.41,0,0,healthy
2024-06-15T00:00:00,plant_a,83.42,27.5,63.48,0,0,healthy
2024-06-15T00:30:00,plant_a,81.96,28.77,63.79,0,0,healthy
2024-06-15T01:00:00,plant_a,82.2,29.05,61.18,0,0,healthy
2024-06-15T01:30:00,plant_a,85.13,30.1,58.62,0,0,healthy
2024-06-15T02:00:00,plant_a,82.12,31.15,55.24,0,0,healthy
2024-06-15T02:30:00,plant_a,81.49,30.73,51.49,0,0,healthy
2024-06-15T03:00:00,plant_a,81.98,32.29,51.59,0,0,healthy
2024-06-15T03:30:00,plant_a,83.67,32.79,48.99,0,0,healthy
2024-06-15T04:00:00,plant_a,84.87,33.8,47.8,0,0,healthy
2024-06-15T04:30:00,plant_a,80.23,33.79,42.09,0,0,healthy
2024-06-15T05:00:00,plant_a,78.7,34.71,43.34,0,0,healthy
2024-06-15T05:30:00,plant_a,81.15,35.27,38.25,0,0,healthy
2024-06-15T06:00:00,plant_a,81.07,35.75,36.28,0,0,healthy
2024-06-15T06:30:00,plant_a,82.93,35.21,37.4,0,0,healthy
2024-06-15T07:00:00,plant_a,80.78,36.83,37.22,0,0,healthy
2024-06-15T07:30:00,plant_a,78.71,35.42,34.06,0,0,healthy
2024-06-15T08:00:00,plant_a,80.43,36.36,35.44,0,0,healthy
2024-06-15T08:30:00,plant_a,81.66,35.84,32.86,0,0,healthy
2024-06-15T09:00:00,plant_a,80.96,36.09,35.92,0,0,healthy
2024-06-15T09:30:00,plant_a,79.68,35.91,39.15,0,0,healthy
2024-06-15T10:00:00,plant_a,78.29,35.14,39.04,0,0,healthy
2024-06-15T10:30:00,plant_a,81.9,35.11,37.63,0,0,healthy
2024-06-15T11:00:00,plant_a,77.4,34.78,39.38,0,0,healthy
2024-06-15T11:30:00,plant_a,82.19,35.02,43.56,0,0,healthy
2024-06-15T12:00:00,plant_a,79.93,33.39,47.11,0,0,healthy
2024-06-15T12:30:00,plant_a,79.12,32.76,49.78,0,0,healthy
2024-06-15T13:00:00,plant_a,79.66,32.84,47.76,0,0,healthy
2024-06-15T13:30:00,plant_a,78.02,30.86,54.05,0,0,healthy
2024-06-15T14:00:00,plant_a,77.88,30.68,53.64,0,0,healthy
2024-06-15T14:30:00,plant_a,78.16,30.57,60.46,0,0,healthy
2024-06-15T15:00:00,plant_a,75.82,29.03,61.81,0,0,healthy
2024-06-15T15:30:00,plant_a,77.3,27.7,64.04,0,0,healthy
2024-06-15T16:00:00,plant_a,77.84,27.66,65.16,0,0,healthy
2024-06-15T16:30:00,plant_a,80.35,26.42,66.82,0,0,healthy
2024-06-15T17:00:00,plant_a,78.02,26.49,67.47,0,0,healthy
2024-06-15T17:30:00,plant_a,78.82,25.09,71.27,0,0,healthy
2024-06-15T18:00:00,plant_a,76.77,24.96,74.41,0,0,healthy
2024-06-15T18:30:00,plant_a,74.21,24.6,72.52,0,0,healthy
2024-06-15T19:00:00,plant_a,77.98,25.26,75.88,0,0,healthy
2024-06-15T19:30:00,plant_a,78.51,23.6,75.47,0,0,healthy
2024-06-15T20:00:00,plant_a,75.11,24.29,75.76,0,0,healthy
2024-06-15T20:30:00,plant_a,76.81,25.04,72.25,0,0,healthy
2024-06-15T21:00:00,plant_a,75.64,24.05,72.25,0,0,healthy
2024-06-15T21:30:00,plant_a,77.81,24.97,76.21,0,0,healthy
2024-06-15T22:00:00,plant_a,77.98,25.27,71.26,0,0,healthy
2024-06-15T22:30:00,plant_a,77.72,25.4,69.46,0,0,healthy
2024-06-15T23:00:00,plant_a,75.12,26.24,71.43,0,0,healthy
2024-06-15T23:30:00,plant_a,76.54,27.27,67.71,0,0,healthy
2024-06-16T00:00:00,plant_a,75.84,32.62,77.65,0,0,healthy
2024-06-16T00:30:00,plant_a,76.46,31.9,70.15,0,0,healthy
2024-06-16T01:00:00,plant_a,76.58,32.87,70.79,0,0,healthy
2024-06-16T01:30:00,plant_a,76.36,33.92,69.24,0,0,healthy
2024-06-16T02:00:00,plant_a,76.23,34.24,63.76,0,0,healthy
2024-06-16T02:30:00,plant_a,76.43,34.88,63.38,0,0,healthy
2024-06-16T03:00:00,plant_a,76.46,36.06,58.57,0,0,healthy
2024-06-16T03:30:00,plant_a,73.34,36.37,54.82,0,0,healthy
2024-06-16T04:00:00,plant_a,75.38,37.35,53.53,0,0,healthy
2024-06-16T04:30:00,plant_a,76.27,38.23,52.81,0,0,healthy
2024-06-16T05:00:00,plant_a,75.77,39.18,48.37,0,0,healthy
2024-06-16T05:30:00,plant_a,75.82,38.56,47.86,0,0,healthy
2024-06-16T06:00:00,plant_a,76.06,40.0,48.59,0,0,healthy
2024-06-16T06:30:00,plant_a,74.93,40.64,44.13,0,0,healthy
2024-06-16T07:00:00,plant_a,94.63,40.34,48.65,1,0,healthy
2024-06-16T07:30:00,plant_a,95.0,40.89,43.94,0,0,healthy
2024-06-16T08:00:00,plant_a,95.0,40.72,43.41,0,0,healthy
2024-06-16T08:30:00,plant_a,95.0,39.9,43.78,0,0,healthy
2024-06-16T09:00:00,plant_a,94.0,39.93,46.39,0,0,healthy
2024-06-16T09:30:00,plant_a,94.41,40.12,49.28,0,0,healthy
2024-06-16T10:00:00,plant_a,91.9,40.27,46.36,0,0,healthy
2024-06-16T10:30:00,plant_a,95.0,40.05,52.5,0,0,healthy
2024-06-16T11:00:00,plant_a,93.2,38.3,51.26,0,0,healthy
2024-06-16T11:30:00,plant_a,93.14,37.47,53.84,0,0,healthy
2024-06-16T12:00:00,plant_a,91.87,38.1,56.36,0,0,healthy
2024-06-16T12:30:00,plant_a,92.41,36.84,56.9,0,0,healthy
2024-06-16T13:00:00,plant_a,91.98,37.32,58.33,0,0,healthy
2024-06-16T13:30:00,plant_a,92.38,35.71,61.73,0,0,healthy
2024-06-16T14:00:00,plant_a,91.35,34.0,66.7,0,0,healthy
2024-06-16T14:30:00,plant_a,92.75,33.93,65.26,0,0,healthy
2024-06-16T15:00:00,plant_a,92.31,33.09,69.58,0,0,healthy
2024-06-16T15:30:00,plant_a,89.86,32.21,71.26,0,0,healthy
2024-06-16T16:00:00,plant_a,91.44,31.55,74.41,0,0,healthy
2024-06-16T16:30:00,plant_a,92.24,30.85,77.88,0,0,healthy
2024-06-16T17:00:00,plant_a,91.53,30.69,77.61,0,0,healthy
2024-06-16T17:30:00,plant_a,90.47,30.14,81.01,0,0,healthy
2024-06-16T18:00:00,plant_a,92.11,29.63,81.57,0,0,healthy
2024-06-16T18:30:00,plant_a,91.71,28.88,84.83,0,0,healthy
2024-06-16T19:00:00,plant_a,92.78,29.17,87.67,0,0,healthy
2024-06-16T19:30:00,plant_a,88.6,28.36,84.34,0,0,healthy
2024-06-16T20:00:00,plant_a,89.91,28.68,84.36,0,0,healthy
2024-06-16T20:30:00,plant_a,91.65,28.97,85.36,0,0,healthy
2024-06-16T21:00:00,plant_a,89.06,28.95,85.24,0,0,healthy
2024-06-16T21:30:00,plant_a,90.65,29.0,85.49,0,0,healthy
2024-06-16T22:00:00,plant_a,89.53,29.18,83.24,0,0,healthy
2024-06-16T22:30:00,plant_a,90.79,30.11,80.36,0,0,healthy
2024-06-16T23:00:00,plant_a,88.55,29.79,78.41,0,0,healthy
2024-06-16T23:30:00,plant_a,91.05,31.19,74.37,0,0,healthy
2024-06-17T00:00:00,plant_a,90.62,29.05,68.55,0,0,healthy
2024-06-17T00:30:00,plant_a,92.48,29.89,69.01,0,0,healthy
2024-06-17T01:00:00,plant_a,92.81,30.3,64.69,0,0,healthy
2024-06-17T01:30:00,plant_a,91.39,30.78,62.83,0,0,healthy
2024-06-17T02:00:00,plant_a,89.53,32.47,60.72,0,0,healthy
2024-06-17T02:30:00,plant_a,88.26,33.25,58.77,0,0,healthy
2024-06-17T03:00:00,plant_a,87.96,33.36,54.15,0,0,healthy
2024-06-17T03:30:00,plant_a,87.72,34.8,51.97,0,0,healthy
2024-06-17T04:00:00,plant_a,88.64,34.67,49.52,0,0,healthy
2024-06-17T04:30:00,plant_a,90.63,36.03,45.51,0,0,healthy
2024-06-17T05:00:00,plant_a,87.54,36.58,45.22,0,0,healthy
2024-06-17T05:30:00,plant_a,87.94,36.5,42.25,0,0,healthy
2024-06-17T06:00:00,plant_a,88.59,37.13,44.5,0,0,healthy
2024-06-17T06:30:00,plant_a,88.26,37.24,42.67,0,0,healthy
2024-06-17T07:00:00,plant_a,89.8,37.58,38.24,0,0,healthy
2024-06-17T07:30:00,plant_a,87.45,37.49,42.74,0,0,healthy
2024-06-17T08:00:00,plant_a,86.18,37.95,42.32,0,0,healthy
2024-06-17T08:30:00,plant_a,88.71,37.83,39.11,0,0,healthy
2024-06-17T09:00:00,plant_a,87.25,37.78,43.04,0,0,healthy
2024-06-17T09:30:00,plant_a,87.08,37.09,43.11,0,0,healthy
2024-06-17T10:00:00,plant_a,88.3,37.19,43.95,0,0,healthy
2024-06-17T10:30:00,plant_a,86.9,36.36,44.12,0,0,healthy
2024-06-17T11:00:00,plant_a,85.24,36.07,44.56,0,0,healthy
2024-06-17T11:30:00,plant_a,86.79,35.81,45.96,0,0,healthy
2024-06-17T12:00:00,plant_a,85.06,35.08,50.81,0,0,healthy
2024-06-17T12:30:00,plant_a,86.03,33.5,54.39,0,0,healthy
2024-06-17T13:00:00,plant_a,87.84,34.27,55.75,0,0,healthy
2024-06-17T13:30:00,plant_a,86.31,32.6,57.78,0,0,healthy
2024-06-17T14:00:00,plant_a,83.93,32.13,57.97,0,0,healthy
2024-06-17T14:30:00,plant_a,85.79,31.16,63.87,0,0,healthy
2024-06-17T15:00:00,plant_a,85.11,30.35,66.55,0,0,healthy
2024-06-17T15:30:00,plant_a,83.29,29.68,66.96,0,0,healthy
2024-06-17T16:00:00,plant_a,85.42,29.05,70.52,0,0,healthy
2024-06-17T16:30:00,plant_a,84.99,27.49,70.9,0,0,healthy
2024-06-17T17:00:00,plant_a,84.35,28.25,75.11,0,0,healthy
2024-06-17T17:30:00,plant_a,85.65,27.23,76.13,0,0,healthy
2024-06-17T18:00:00,plant_a,83.35,26.71,76.19,0,0,healthy
2024-06-17T18:30:00,plant_a,83.19,26.46,77.61,0,0,healthy
2024-06-17T19:00:00,plant_a,83.77,25.56,80.07,0,0,healthy
2024-06-17T19:30:00,plant_a,83.87,26.31,79.25,0,0,healthy
2024-06-17T20:00:00,plant_a,82.97,26.48,79.88,0,0,healthy
2024-06-17T20:30:00,plant_a,85.9,25.57,79.57,0,0,healthy
2024-06-17T21:00:00,plant_a,82.11,25.97,78.24,0,0,healthy
2024-06-17T21:30:00,plant_a,82.84,26.85,76.87,0,0,healthy
2024-06-17T22:00:00,plant_a,84.11,26.31,76.82,0,0,healthy
2024-06-17T22:30:00,plant_a,84.93,27.51,76.39,0,0,healthy
2024-06-17T23:00:00,plant_a,84.07,28.07,75.2,0,0,healthy
2024-06-17T23:30:00,plant_a,84.97,28.01,72.18,0,0,healthy
2024-06-18T00:00:00,plant_a,83.93,30.35,74.97,0,0,healthy
2024-06-18T00:30:00,plant_a,84.61,30.55,69.76,0,0,healthy
2024-06-18T01:00:00,plant_a,84.44,31.5,68.49,0,0,healthy
2024-06-18T01:30:00,plant_a,82.83,32.09,68.25,0,0,healthy
2024-06-18T02:00:00,plant_a,83.73,33.17,64.95,0,0,healthy
2024-06-18T02:30:00,plant_a,82.58,34.24,57.98,0,0,healthy
2024-06-18T03:00:00,plant_a,81.01,34.59,58.34,0,0,healthy
2024-06-18T03:30:00,plant_a,81.15,35.59,55.01,0,0,healthy
2024-06-18T04:00:00,plant_a,82.42,36.1,54.22,0,0,healthy
2024-06-18T04:30:00,plant_a,81.04,36.63,53.8,0,0,healthy
2024-06-18T05:00:00,plant_a,82.57,37.68,49.87,0,0,healthy
2024-06-18T05:30:00,plant_a,79.75,37.62,48.04,0,0,healthy
2024-06-18T06:00:00,plant_a,83.23,38.7,47.45,0,0,healthy
2024-06-18T06:30:00,plant_a,80.5,38.64,45.26,0,0,healthy
2024-06-18T07:00:00,plant_a,81.08,38.35,45.51,0,0,healthy
2024-06-18T07:30:00,plant_a,81.18,39.32,42.11,0,0,healthy
2024-06-18T08:00:00,plant_a,79.68,40.51,42.81,0,0,healthy
2024-06-18T08:30:00,plant_a,81.2,39.17,42.83,0,0,healthy
2024-06-18T09:00:00,plant_a,82.73,38.82,45.04,0,0,healthy
2024-06-18T09:30:00,plant_a,82.63,38.28,44.93,0,0,healthy
2024-06-18T10:00:00,plant_a,79.82,37.7,47.23,0,0,healthy
2024-06-18T10:30:00,plant_a,80.59,37.88,49.25,0,0,healthy
2024-06-18T11:00:00,plant_a,80.84,37.43,49.63,0,0,healthy
2024-06-18T11:30:00,plant_a,81.04,36.42,54.05,0,0,healthy
2024-06-18T12:00:00,plant_a,79.12,36.36,56.87,0,0,healthy
2024-06-18T12:30:00,plant_a,76.41,35.27,55.87,0,0,healthy
2024-06-18T13:00:00,plant_a,80.95,34.44,63.05,0,0,healthy
2024-06-18T13:30:00,plant_a,76.85,33.97,60.94,0,0,healthy
2024-06-18T14:00:00,plant_a,79.08,32.82,63.46,0,0,healthy
2024-06-18T14:30:00,plant_a,76.08,32.31,64.5,0,0,healthy
2024-06-18T15:00:00,plant_a,76.5,31.53,69.13,0,0,healthy
2024-06-18T15:30:00,plant_a,79.12,30.21,72.42,0,0,healthy
2024-06-18T16:00:00,plant_a,78.1,29.93,72.93,0,0,healthy
2024-06-18T16:30:00,plant_a,77.46,29.75,75.75,0,0,healthy
2024-06-18T17:00:00,plant_a,78.42,28.7,80.86,0,0,healthy
2024-06-18T17:30:00,plant_a,77.29,28.22,77.59,0,0,healthy
2024-06-18T18:00:00,plant_a,75.42,28.01,81.11,0,0,healthy
2024-06-18T18:30:00,plant_a,77.36,27.23,82.39,0,0,healthy
2024-06-18T19:00:00,plant_a,76.18,27.37,83.13,0,0,healthy
2024-06-18T19:30:00,plant_a,79.08,26.83,85.64,0,0,healthy
2024-06-18T20:00:00,plant_a,75.5,26.86,82.87,0,0,healthy
2024-06-18T20:30:00,plant_a,78.21,27.28,84.17,0,0,healthy
2024-06-18T21:00:00,plant_a,76.93,26.82,85.56,0,0,healthy
2024-06-18T21:30:00,plant_a,78.27,27.49,82.63,0,0,healthy
2024-06-18T22:00:00,plant_a,77.34,27.78,81.15,0,0,healthy
2024-06-18T22:30:00,plant_a,75.94,28.15,79.29,0,0,healthy
2024-06-18T23:00:00,plant_a,77.38,28.68,77.63,0,0,healthy
2024-06-18T23:30:00,plant_a,75.72,28.8,78.65,0,0,healthy
2024-06-19T00:00:00,plant_a,76.96,28.48,66.32,0,0,healthy
2024-06-19T00:30:00,plant_a,77.97,28.89,66.95,0,0,healthy
2024-06-19T01:00:00,plant_a,76.08,29.56,61.5,0,0,healthy
2024-06-19T01:30:00,plant_a,76.07,30.44,61.96,0,0,healthy
2024-06-19T02:00:00,plant_a,77.7,31.17,58.94,0,0,healthy
2024-06-19T02:30:00,plant_a,72.46,31.72,54.88,0,0,healthy
2024-06-19T03:00:00,plant_a,76.66,32.85,51.85,0,0,healthy
2024-06-19T03:30:00,plant_a,74.92,33.11,52.31,0,0,healthy
2024-06-19T04:00:00,plant_a,76.7,34.65,47.13,0,0,healthy
2024-06-19T04:30:00,plant_a,74.58,35.0,44.9,0,0,healthy
2024-06-19T05:00:00,plant_a,74.95,35.36,42.02,0,0,healthy
2024-06-19T05:30:00,plant_a,73.93,35.79,39.17,0,0,healthy
2024-06-19T06:00:00,plant_a,75.57,36.66,38.64,0,0,healthy
2024-06-19T06:30:00,plant_a,72.52,36.83,39.0,0,0,healthy
2024-06-19T07:00:00,plant_a,95.0,36.39,34.92,1,0,healthy
2024-06-19T07:30:00,plant_a,95.0,36.99,38.04,0,0,healthy
2024-06-19T08:00:00,plant_a,94.58,37.29,35.2,0,0,healthy
2024-06-19T08:30:00,plant_a,93.94,36.54,35.66,0,0,healthy
2024-06-19T09:00:00,plant_a,93.43,36.2,37.1,0,0,healthy
2024-06-19T09:30:00,plant_a,93.22,36.2,38.44,0,0,healthy
2024-06-19T10:00:00,plant_a,93.85,35.99,42.81,0,0,healthy
2024-06-19T10:30:00,plant_a,94.51,36.34,40.76,0,0,healthy
2024-06-19T11:00:00,plant_a,94.5,35.68,41.45,0,0,healthy
2024-06-19T11:30:00,plant_a,92.38,35.95,44.32,0,0,healthy
2024-06-19T12:00:00,plant_a,93.56,34.04,48.36,0,0,healthy
2024-06-19T12:30:00,plant_a,91.56,33.02,51.16,0,0,healthy
2024-06-19T13:00:00,plant_a,92.77,31.69,51.97,0,0,healthy
2024-06-19T13:30:00,plant_a,92.09,32.2,54.99,0,0,healthy
2024-06-19T14:00:00,plant_a,92.51,31.16,57.55,0,0,healthy
2024-06-19T14:30:00,plant_a,90.51,30.02,58.45,0,0,healthy
2024-06-19T15:00:00,plant_a,90.09,29.89,63.91,0,0,healthy
2024-06-19T15:30:00,plant_a,92.25,28.59,63.96,0,0,healthy
2024-06-19T16:00:00,plant_a,90.81,28.57,67.9,0,0,healthy
2024-06-19T16:30:00,plant_a,93.26,27.09,68.95,0,0,healthy
2024-06-19T17:00:00,plant_a,89.51,26.32,71.02,0,0,healthy
2024-06-19T17:30:00,plant_a,90.49,26.16,70.68,0,0,healthy
2024-06-19T18:00:00,plant_a,91.0,25.82,75.81,0,0,healthy
2024-06-19T18:30:00,plant_a,91.31,25.06,76.19,0,0,healthy
2024-06-19T19:00:00,plant_a,89.83,25.95,76.39,0,0,healthy
2024-06-19T19:30:00,plant_a,89.86,25.02,74.69,0,0,healthy
2024-06-19T20:00:00,plant_a,91.92,25.98,74.52,0,0,healthy
2024-06-19T20:30:00,plant_a,90.02,25.14,76.05,0,0,healthy
2024-06-19T21:00:00,plant_a,91.73,25.83,76.07,0,0,healthy
2024-06-19T21:30:00,plant_a,92.71,25.6,75.23,0,0,healthy
2024-06-19T22:00:00,plant_a,90.52,25.63,76.62,0,0,healthy
2024-06-19T22:30:00,plant_a,90.9,26.23,72.7,0,0,healthy
2024-06-19T23:00:00,plant_a,89.04,26.99,69.32,0,0,healthy
2024-06-19T23:30:00,plant_a,90.1,27.27,70.14,0,0,healthy
2024-06-20T00:00:00,plant_a,91.23,27.47,65.07,0,0,healthy
2024-06-20T00:30:00,plant_a,89.0,27.74,62.88,0,0,healthy
2024-06-20T01:00:00,plant_a,90.31,28.37,58.98,0,0,healthy
2024-06-20T01:30:00,plant_a,89.81,29.91,60.67,0,0,healthy
2024-06-20T02:00:00,plant_a,90.43,29.76,57.36,0,0,healthy
2024-06-20T02:30:00,plant_a,88.34,30.63,53.28,0,0,healthy
2024-06-20T03:00:00,plant_a,87.57,32.03,49.99,0,0,healthy
2024-06-20T03:30:00,plant_a,89.58,32.12,48.87,0,0,healthy
2024-06-20T04:00:00,plant_a,89.59,33.01,46.67,0,0,healthy
2024-06-20T04:30:00,plant_a,85.66,33.95,42.91,0,0,healthy
2024-06-20T05:00:00,plant_a,87.77,34.47,41.86,0,0,healthy
2024-06-20T05:30:00,plant_a,87.72,34.86,39.32,0,0,healthy
2024-06-20T06:00:00,plant_a,88.95,35.84,37.23,0,0,healthy
2024-06-20T06:30:00,plant_a,89.92,35.17,37.22,0,0,healthy
2024-06-20T07:00:00,plant_a,86.12,35.98,37.01,0,0,healthy
2024-06-20T07:30:00,plant_a,90.45,36.12,34.3,0,0,healthy
2024-06-20T08:00:00,plant_a,89.08,36.17,35.4,0,0,healthy
2024-06-20T08:30:00,plant_a,88.76,36.54,32.82,0,0,healthy
2024-06-20T09:00:00,plant_a,87.53,35.94,34.33,0,0,healthy
2024-06-20T09:30:00,plant_a,85.31,35.67,36.08,0,0,healthy
2024-06-20T10:00:00,plant_a,86.18,35.29,37.4,0,0,healthy
2024-06-20T10:30:00,plant_a,86.86,35.54,39.34,0,0,healthy
2024-06-20T11:00:00,plant_a,88.87,34.89,42.56,0,0,healthy
2024-06-20T11:30:00,plant_a,85.51,33.69,41.69,0,0,healthy
2024-06-20T12:00:00,plant_a,86.66,33.12,45.91,0,0,healthy
2024-06-20T12:30:00,plant_a,86.3,32.51,47.06,0,0,healthy
2024-06-20T13:00:00,plant_a,84.55,31.53,51.15,0,0,healthy
2024-06-20T13:30:00,plant_a,85.3,30.91,53.94,0,0,healthy
2024-06-20T14:00:00,plant_a,85.87,29.56,55.13,0,0,healthy
2024-06-20T14:30:00,plant_a,84.04,29.35,58.45,0,0,healthy
2024-06-20T15:00:00,plant_a,85.5,29.26,59.67,0,0,healthy
2024-06-20T15:30:00,plant_a,84.35,28.09,64.35,0,0,healthy
2024-06-20T16:00:00,plant_a,83.29,27.43,66.25,0,0,healthy
2024-06-20T16:30:00,plant_a,84.18,26.39,68.52,0,0,healthy
2024-06-20T17:00:00,plant_a,84.73,26.07,68.29,0,0,healthy
2024-06-20T17:30:00,plant_a,82.01,25.35,70.71,0,0,healthy
2024-06-20T18:00:00,plant_a,84.5,24.65,73.52,0,0,healthy
2024-06-20T18:30:00,plant_a,84.33,24.31,75.14,0,0,healthy
2024-06-20T19:00:00,plant_a,83.33,24.08,74.94,0,0,healthy
2024-06-20T19:30:00,plant_a,83.63,23.84,76.01,0,0,healthy
2024-06-20T20:00:00,plant_a,83.57,23.85,72.62,0,0,healthy
2024-06-20T20:30:00,plant_a,84.03,24.24,75.26,0,0,healthy
2024-06-20T21:00:00,plant_a,85.11,23.36,76.47,0,0,healthy
2024-06-20T21:30:00,plant_a,85.05,24.22,75.25,0,0,healthy
2024-06-20T22:00:00,plant_a,82.4,24.54,72.42,0,0,healthy
2024-06-20T22:30:00,plant_a,85.54,25.54,71.19,0,0,healthy
2024-06-20T23:00:00,plant_a,84.38,25.66,71.64,0,0,healthy
2024-06-20T23:30:00,plant_a,85.17,26.67,66.24,0,0,healthy
2024-06-21T00:00:00,plant_a,84.45,31.42,75.36,0,0,healthy
2024-06-21T00:30:00,plant_a,84.4,32.18,70.7,0,0,healthy
2024-06-21T01:00:00,plant_a,84.7,32.86,70.06,0,0,healthy
2024-06-21T01:30:00,plant_a,83.53,33.64,68.13,0,0,healthy
2024-06-21T02:00:00,plant_a,82.9,34.23,63.57,0,0,healthy
2024-06-21T02:30:00,plant_a,81.92,34.97,63.27,0,0,healthy
2024-06-21T03:00:00,plant_a,82.01,35.81,59.07,0,0,healthy
2024-06-21T03:30:00,plant_a,82.93,36.86,59.71,0,0,healthy
2024-06-21T04:00:00,plant_a,80.49,37.21,55.26,0,0,healthy
2024-06-21T04:30:00,plant_a,80.02,38.65,52.05,0,0,healthy
2024-06-21T05:00:00,plant_a,80.96,38.93,46.96,0,0,healthy
2024-06-21T05:30:00,plant_a,82.04,38.67,48.51,0,0,healthy
2024-06-21T06:00:00,plant_a,82.11,39.82,47.7,0,0,healthy
2024-06-21T06:30:00,plant_a,84.03,39.87,45.41,0,0,healthy
2024-06-21T07:00:00,plant_a,82.85,40.07,45.71,0,0,healthy
2024-06-21T07:30:00,plant_a,76.49,40.43,44.46,0,0,healthy
2024-06-21T08:00:00,plant_a,80.51,40.04,45.75,0,0,healthy
2024-06-21T08:30:00,plant_a,78.4,41.51,46.3,0,0,healthy
2024-06-21T09:00:00,plant_a,81.1,40.86,45.49,0,0,healthy
2024-06-21T09:30:00,plant_a,79.38,40.26,43.47,0,0,healthy
2024-06-21T10:00:00,plant_a,80.96,39.98,47.88,0,0,healthy
2024-06-21T10:30:00,plant_a,78.28,39.14,48.35,0,0,healthy
2024-06-21T11:00:00,plant_a,78.91,37.62,48.48,0,0,healthy
2024-06-21T11:30:00,plant_a,78.97,38.41,56.35,0,0,healthy
2024-06-21T12:00:00,plant_a,80.38,36.99,53.77,0,0,healthy
2024-06-21T12:30:00,plant_a,80.42,36.84,57.33,0,0,healthy
2024-06-21T13:00:00,plant_a,79.19,36.34,62.58,0,0,healthy
2024-06-21T13:30:00,plant_a,78.7,35.15,62.55,0,0,healthy
2024-06-21T14:00:00,plant_a,77.92,33.43,65.14,0,0,healthy
2024-06-21T14:30:00,plant_a,77.39,34.05,67.28,0,0,healthy
2024-06-21T15:00:00,plant_a,79.87,32.41,71.27,0,0,healthy
2024-06-21T15:30:00,plant_a,75.93,32.38,71.7,0,0,healthy
2024-06-21T16:00:00,plant_a,78.84,31.16,75.42,0,0,healthy
2024-06-21T16:30:00,plant_a,78.15,30.8,77.24,0,0,healthy
2024-06-21T17:00:00,plant_a,79.42,29.84,80.65,0,0,healthy
2024-06-21T17:30:00,plant_a,76.84,30.03,83.78,0,0,healthy
2024-06-21T18:00:00,plant_a,76.18,28.24,81.97,0,0,healthy
2024-06-21T18:30:00,plant_a,76.2,28.55,82.38,0,0,healthy
2024-06-21T19:00:00,plant_a,76.29,29.08,85.41,0,0,healthy
2024-06-21T19:30:00,plant_a,78.23,29.28,83.07,0,0,healthy
2024-06-21T20:00:00,plant_a,73.77,29.11,84.77,0,0,healthy
2024-06-21T20:30:00,plant_a,76.63,27.63,82.2,0,0,healthy
2024-06-21T21:00:00,plant_a,77.48,28.45,80.49,0,0,healthy
2024-06-21T21:30:00,plant_a,75.47,29.18,84.79,0,0,healthy
2024-06-21T22:00:00,plant_a,76.82,30.24,83.26,0,0,healthy
2024-06-21T22:30:00,plant_a,78.7,30.08,81.51,0,0,healthy
2024-06-21T23:00:00,plant_a,74.89,29.42,77.43,0,0,healthy
2024-06-21T23:30:00,plant_a,76.79,30.65,77.14,0,0,healthy
2024-06-22T00:00:00,plant_a,76.33,28.9,66.6,0,0,healthy
2024-06-22T00:30:00,plant_a,76.23,29.29,58.84,0,0,healthy
2024-06-22T01:00:00,plant_a,77.15,29.84,58.93,0,0,healthy
2024-06-22T01:30:00,plant_a,77.02,31.29,58.75,0,0,healthy
2024-06-22T02:00:00,plant_a,76.99,31.27,54.78,0,0,healthy
2024-06-22T02:30:00,plant_a,75.07,33.18,53.81,0,0,healthy
2024-06-22T03:00:00,plant_a,75.31,33.6,50.51,0,0,healthy
2024-06-22T03:30:00,plant_a,75.33,34.19,48.74,0,0,healthy
2024-06-22T04:00:00,plant_a,75.18,34.21,45.65,0,0,healthy
2024-06-22T04:30:00,plant_a,74.91,34.9,41.79,0,0,healthy
2024-06-22T05:00:00,plant_a,74.8,35.96,41.82,0,0,healthy
2024-06-22T05:30:00,plant_a,74.72,36.65,38.69,0,0,healthy
2024-06-22T06:00:00,plant_a,75.51,37.06,38.65,0,0,healthy
2024-06-22T06:30:00,plant_a,76.44,37.14,34.25,0,0,healthy
2024-06-22T07:00:00,plant_a,94.91,37.82,35.84,1,0,healthy
2024-06-22T07:30:00,plant_a,95.0,36.97,34.04,0,0,healthy
2024-06-22T08:00:00,plant_a,95.0,38.02,34.0,0,0,healthy
2024-06-22T08:30:00,plant_a,94.92,37.37,33.56,0,0,healthy
2024-06-22T09:00:00,plant_a,94.37,37.59,36.4,0,0,healthy
2024-06-22T09:30:00,plant_a,94.95,37.92,38.07,0,0,healthy
2024-06-22T10:00:00,plant_a,93.43,37.28,35.6,0,0,healthy
2024-06-22T10:30:00,plant_a,93.77,36.89,40.27,0,0,healthy
2024-06-22T11:00:00,plant_a,94.42,36.71,39.87,0,0,healthy
2024-06-22T11:30:00,plant_a,94.15,35.32,44.62,0,0,healthy
2024-06-22T12:00:00,plant_a,93.12,35.02,47.44,0,0,healthy
2024-06-22T12:30:00,plant_a,93.51,33.92,46.92,0,0,healthy
2024-06-22T13:00:00,plant_a,91.7,33.67,51.91,0,0,healthy
2024-06-22T13:30:00,plant_a,92.02,31.76,51.56,0,0,healthy
2024-06-22T14:00:00,plant_a,92.62,31.33,52.18,0,0,healthy
2024-06-22T14:30:00,plant_a,91.36,30.11,58.22,0,0,healthy
2024-06-22T15:00:00,plant_a,91.22,30.18,62.24,0,0,healthy
2024-06-22T15:30:00,plant_a,90.43,28.55,62.73,0,0,healthy
2024-06-22T16:00:00,plant_a,91.9,28.13,64.57,0,0,healthy
2024-06-22T16:30:00,plant_a,90.76,28.06,66.37,0,0,healthy
2024-06-22T17:00:00,plant_a,94.22,27.36,69.54,0,0,healthy
2024-06-22T17:30:00,plant_a,90.31,25.89,73.06,0,0,healthy
2024-06-22T18:00:00,plant_a,86.98,27.05,70.46,0,0,healthy
2024-06-22T18:30:00,plant_a,89.02,26.12,76.89,0,0,healthy
2024-06-22T19:00:00,plant_a,90.94,25.83,73.29,0,0,healthy
2024-06-22T19:30:00,plant_a,91.25,25.61,76.02,0,0,healthy
2024-06-22T20:00:00,plant_a,88.03,25.92,75.6,0,0,healthy
2024-06-22T20:30:00,plant_a,88.69,25.34,74.73,0,0,healthy
2024-06-22T21:00:00,plant_a,89.69,26.03,72.29,0,0,healthy
2024-06-22T21:30:00,plant_a,89.16,27.01,72.33,0,0,healthy
2024-06-22T22:00:00,plant_a,89.68,26.44,72.02,0,0,healthy
2024-06-22T22:30:00,plant_a,91.6,26.72,72.27,0,0,healthy
2024-06-22T23:00:00,plant_a,89.1,27.77,68.94,0,0,healthy
2024-06-22T23:30:00,plant_a,89.89,28.02,68.12,0,0,healthy
2024-06-23T00:00:00,plant_a,88.54,29.21,69.38,0,0,healthy
2024-06-23T00:30:00,plant_a,90.46,30.16,64.94,0,0,healthy
2024-06-23T01:00:00,plant_a,89.65,30.15,61.75,0,0,healthy
2024-06-23T01:30:00,plant_a,89.45,31.96,57.78,0,0,healthy
2024-06-23T02:00:00,plant_a,89.21,33.06,56.1,0,0,healthy
2024-06-23T02:30:00,plant_a,88.84,33.53,53.13,0,0,healthy
2024-06-23T03:00:00,plant_a,90.51,34.08,51.7,0,0,healthy
2024-06-23T03:30:00,plant_a,88.26,34.4,49.75,0,0,healthy
2024-06-23T04:00:00,plant_a,89.29,35.86,47.43,0,0,healthy
2024-06-23T04:30:00,plant_a,87.09,36.3,41.14,0,0,healthy
2024-06-23T05:00:00,plant_a,89.35,36.41,42.89,0,0,healthy
2024-06-23T05:30:00,plant_a,89.47,37.15,40.43,0,0,healthy
2024-06-23T06:00:00,plant_a,89.94,37.14,39.97,0,0,healthy
2024-06-23T06:30:00,plant_a,88.48,38.52,35.37,0,0,healthy
2024-06-23T07:00:00,plant_a,88.19,38.84,39.05,0,0,healthy
2024-06-23T07:30:00,plant_a,87.1,38.44,39.26,0,0,healthy
2024-06-23T08:00:00,plant_a,86.15,38.58,36.59,0,0,healthy
2024-06-23T08:30:00,plant_a,87.87,38.18,37.95,0,0,healthy
2024-06-23T09:00:00,plant_a,88.53,39.12,35.82,0,0,healthy
2024-06-23T09:30:00,plant_a,86.68,38.58,40.57,0,0,healthy
2024-06-23T10:00:00,plant_a,87.04,37.19,38.68,0,0,healthy
2024-06-23T10:30:00,plant_a,87.99,37.63,42.13,0,0,healthy
2024-06-23T11:00:00,plant_a,88.92,36.67,40.83,0,0,healthy
2024-06-23T11:30:00,plant_a,84.94,36.21,45.68,0,0,healthy
2024-06-23T12:00:00,plant_a,88.24,35.69,46.35,0,0,healthy
2024-06-23T12:30:00,plant_a,85.78,35.39,47.53,0,0,healthy
2024-06-23T13:00:00,plant_a,85.59,34.12,51.11,0,0,healthy
2024-06-23T13:30:00,plant_a,87.67,33.03,57.4,0,0,healthy
2024-06-23T14:00:00,plant_a,84.5,32.27,55.34,0,0,healthy
2024-06-23T14:30:00,plant_a,85.86,31.81,60.62,0,0,healthy
2024-06-23T15:00:00,plant_a,83.9,30.38,60.95,0,0,healthy
2024-06-23T15:30:00,plant_a,85.04,29.72,63.82,0,0,healthy
2024-06-23T16:00:00,plant_a,85.17,29.28,65.09,0,0,healthy
2024-06-23T16:30:00,plant_a,83.05,28.89,69.19,0,0,healthy
2024-06-23T17:00:00,plant_a,87.51,28.83,68.58,0,0,healthy
2024-06-23T17:30:00,plant_a,82.23,27.8,74.55,0,0,healthy
2024-06-23T18:00:00,plant_a,84.74,27.19,75.15,0,0,healthy
2024-06-23T18:30:00,plant_a,85.49,27.64,73.21,0,0,healthy
2024-06-23T19:00:00,plant_a,84.26,26.29,74.44,0,0,healthy
2024-06-23T19:30:00,plant_a,82.12,26.55,74.0,0,0,healthy
2024-06-23T20:00:00,plant_a,84.51,26.6,75.03,0,0,healthy
2024-06-23T20:30:00,plant_a,84.1,27.27,76.67,0,0,healthy
2024-06-23T21:00:00,plant_a,82.76,26.69,75.49,0,0,healthy
2024-06-23T21:30:00,plant_a,82.57,26.37,74.24,0,0,healthy
2024-06-23T22:00:00,plant_a,84.87,27.07,70.75,0,0,healthy
2024-06-23T22:30:00,plant_a,83.24,28.28,69.61,0,0,healthy
2024-06-23T23:00:00,plant_a,83.54,28.52,71.27,0,0,healthy
2024-06-23T23:30:00,plant_a,83.96,29.19,66.13,0,0,healthy
2024-06-24T00:00:00,plant_a,83.9,29.62,69.87,0,0,healthy
2024-06-24T00:30:00,plant_a,83.48,29.37,69.81,0,0,healthy
2024-06-24T01:00:00,plant_a,82.17,31.17,64.8,0,0,healthy
2024-06-24T01:30:00,plant_a,83.6,31.07,65.63,0,0,healthy
2024-06-24T02:00:00,plant_a,80.3,32.21,57.08,0,0,healthy
2024-06-24T02:30:00,plant_a,81.09,33.61,58.95,0,0,healthy
2024-06-24T03:00:00,plant_a,80.0,33.62,54.09,0,0,healthy
2024-06-24T03:30:00,plant_a,82.97,35.1,53.53,0,0,healthy
2024-06-24T04:00:00,plant_a,82.68,35.27,48.56,0,0,healthy
2024-06-24T04:30:00,plant_a,82.88,36.09,47.1,0,0,healthy
2024-06-24T05:00:00,plant_a,81.14,36.89,46.37,0,0,healthy
2024-06-24T05:30:00,plant_a,80.42,36.66,43.64,0,0,healthy
2024-06-24T06:00:00,plant_a,81.59,37.23,42.5,0,0,healthy
2024-06-24T06:30:00,plant_a,83.53,37.94,43.95,0,0,healthy
2024-06-24T07:00:00,plant_a,79.34,37.91,42.64,0,0,healthy
2024-06-24T07:30:00,plant_a,82.08,37.74,39.24,0,0,healthy
2024-06-24T08:00:00,plant_a,82.19,37.98,41.17,0,0,healthy
2024-06-24T08:30:00,plant_a,81.04,37.97,40.55,0,0,healthy
2024-06-24T09:00:00,plant_a,79.66,38.54,41.7,0,0,healthy
2024-06-24T09:30:00,plant_a,82.13,37.4,40.91,0,0,healthy
2024-06-24T10:00:00,plant_a,79.86,36.92,43.89,0,0,healthy
2024-06-24T10:30:00,plant_a,80.88,36.62,43.85,0,0,healthy
2024-06-24T11:00:00,plant_a,80.25,36.01,45.44,0,0,healthy
2024-06-24T11:30:00,plant_a,81.45,35.42,47.25,0,0,healthy
2024-06-24T12:00:00,plant_a,82.36,34.22,48.42,0,0,healthy
2024-06-24T12:30:00,plant_a,81.28,34.2,53.29,0,0,healthy
2024-06-24T13:00:00,plant_a,81.45,33.33,54.13,0,0,healthy
2024-06-24T13:30:00,plant_a,79.18,32.82,56.8,0,0,healthy
2024-06-24T14:00:00,plant_a,78.32,31.54,60.9,0,0,healthy
2024-06-24T14:30:00,plant_a,79.27,31.22,62.47,0,0,healthy
2024-06-24T15:00:00,plant_a,78.73,30.3,64.91,0,0,healthy
2024-06-24T15:30:00,plant_a,77.81,30.36,67.78,0,0,healthy
2024-06-24T16:00:00,plant_a,77.58,29.0,69.62,0,0,healthy
2024-06-24T16:30:00,plant_a,76.39,28.05,73.66,0,0,healthy
2024-06-24T17:00:00,plant_a,76.72,27.86,73.63,0,0,healthy
2024-06-24T17:30:00,plant_a,75.67,27.12,78.16,0,0,healthy
2024-06-24T18:00:00,plant_a,76.64,26.6,76.88,0,0,healthy
2024-06-24T18:30:00,plant_a,76.62,26.62,78.06,0,0,healthy
2024-06-24T19:00:00,plant_a,76.81,26.08,80.05,0,0,healthy
2024-06-24T19:30:00,plant_a,77.21,26.2,80.98,0,0,healthy
2024-06-24T20:00:00,plant_a,76.65,26.55,80.9,0,0,healthy
2024-06-24T20:30:00,plant_a,78.49,26.09,80.44,0,0,healthy
2024-06-24T21:00:00,plant_a,75.83,26.28,80.74,0,0,healthy
2024-06-24T21:30:00,plant_a,76.16,27.12,78.71,0,0,healthy
2024-06-24T22:00:00,plant_a,78.46,26.45,77.1,0,0,healthy
2024-06-24T22:30:00,plant_a,75.93,27.71,77.03,0,0,healthy
2024-06-24T23:00:00,plant_a,76.41,27.64,74.3,0,0,healthy
2024-06-24T23:30:00,plant_a,77.34,28.75,72.28,0,0,healthy
2024-06-25T00:00:00,plant_a,75.81,29.57,71.62,0,0,healthy
2024-06-25T00:30:00,plant_a,76.53,30.05,71.69,0,0,healthy
2024-06-25T01:00:00,plant_a,75.35,31.58,68.69,0,0,healthy
2024-06-25T01:30:00,plant_a,77.11,32.49,64.87,0,0,healthy
2024-06-25T02:00:00,plant_a,75.47,32.32,60.42,0,0,healthy
2024-06-25T02:30:00,plant_a,76.73,32.72,56.68,0,0,healthy
2024-06-25T03:00:00,plant_a,77.44,34.48,56.87,0,0,healthy
2024-06-25T03:30:00,plant_a,76.58,35.13,53.49,0,0,healthy
2024-06-25T04:00:00,plant_a,73.59,36.04,52.09,0,0,healthy
2024-06-25T04:30:00,plant_a,73.57,36.24,48.54,0,0,healthy
2024-06-25T05:00:00,plant_a,74.96,36.64,48.11,0,0,healthy
2024-06-25T05:30:00,plant_a,74.73,36.82,46.56,0,0,healthy
2024-06-25T06:00:00,plant_a,75.43,37.15,44.72,0,0,healthy
2024-06-25T06:30:00,plant_a,75.78,38.01,43.23,0,0,healthy
2024-06-25T07:00:00,plant_a,94.08,37.62,42.89,1,0,healthy
2024-06-25T07:30:00,plant_a,94.73,38.65,41.24,0,0,healthy
2024-06-25T08:00:00,plant_a,94.35,38.59,41.33,0,0,healthy
2024-06-25T08:30:00,plant_a,95.0,38.3,39.43,0,0,healthy
2024-06-25T09:00:00,plant_a,94.45,37.8,38.3,0,0,healthy
2024-06-25T09:30:00,plant_a,92.76,37.89,41.75,0,0,healthy
2024-06-25T10:00:00,plant_a,92.02,37.63,45.93,0,0,healthy
2024-06-25T10:30:00,plant_a,94.64,37.29,46.94,0,0,healthy
2024-06-25T11:00:00,plant_a,92.9,36.42,48.3,0,0,healthy
2024-06-25T11:30:00,plant_a,91.9,36.31,49.21,0,0,healthy
2024-06-25T12:00:00,plant_a,92.54,35.34,53.13,0,0,healthy
2024-06-25T12:30:00,plant_a,90.84,34.93,53.34,0,0,healthy
2024-06-25T13:00:00,plant_a,91.64,34.09,56.72,0,0,healthy
2024-06-25T13:30:00,plant_a,92.24,33.41,60.93,0,0,healthy
2024-06-25T14:00:00,plant_a,91.38,32.69,58.81,0,0,healthy
2024-06-25T14:30:00,plant_a,92.45,31.0,64.98,0,0,healthy
2024-06-25T15:00:00,plant_a,91.13,31.04,64.42,0,0,healthy
2024-06-25T15:30:00,plant_a,91.54,30.56,70.01,0,0,healthy
2024-06-25T16:00:00,plant_a,91.32,29.52,73.14,0,0,healthy
2024-06-25T16:30:00,plant_a,92.06,28.62,72.73,0,0,healthy
2024-06-25T17:00:00,plant_a,90.21,28.27,73.82,0,0,healthy
2024-06-25T17:30:00,plant_a,88.3,27.68,77.67,0,0,healthy
2024-06-25T18:00:00,plant_a,90.99,27.76,76.8,0,0,healthy
2024-06-25T18:30:00,plant_a,90.04,26.41,80.27,0,0,healthy
2024-06-25T19:00:00,plant_a,90.43,26.54,80.8,0,0,healthy
2024-06-25T19:30:00,plant_a,89.62,26.17,83.62,0,0,healthy
2024-06-25T20:00:00,plant_a,91.36,26.45,79.11,0,0,healthy
2024-06-25T20:30:00,plant_a,90.07,26.81,81.51,0,0,healthy
2024-06-25T21:00:00,plant_a,91.48,27.22,80.61,0,0,healthy
2024-06-25T21:30:00,plant_a,89.66,26.78,79.28,0,0,healthy
2024-06-25T22:00:00,plant_a,91.27,27.16,76.22,0,0,healthy
2024-06-25T22:30:00,plant_a,90.71,27.73,76.59,0,0,healthy
2024-06-25T23:00:00,plant_a,87.77,28.75,76.61,0,0,healthy
2024-06-25T23:30:00,plant_a,88.74,28.93,71.97,0,0,healthy
2024-06-26T00:00:00,plant_a,88.34,26.48,73.16,0,0,healthy
2024-06-26T00:30:00,plant_a,90.91,27.9,69.56,0,0,healthy
2024-06-26T01:00:00,plant_a,91.83,28.47,65.39,0,0,healthy
2024-06-26T01:30:00,plant_a,89.75,29.76,64.16,0,0,healthy
2024-06-26T02:00:00,plant_a,87.76,30.01,63.02,0,0,healthy
2024-06-26T02:30:00,plant_a,90.21,30.44,57.55,0,0,healthy
2024-06-26T03:00:00,plant_a,88.04,31.86,60.13,0,0,healthy
2024-06-26T03:30:00,plant_a,88.76,32.64,53.14,0,0,healthy
2024-06-26T04:00:00,plant_a,92.08,33.08,51.23,0,0,healthy
2024-06-26T04:30:00,plant_a,89.04,33.44,51.03,0,0,healthy
2024-06-26T05:00:00,plant_a,88.72,34.23,46.96,0,0,healthy
2024-06-26T05:30:00,plant_a,86.33,34.86,42.71,0,0,healthy
2024-06-26T06:00:00,plant_a,87.94,35.32,43.79,0,0,healthy
2024-06-26T06:30:00,plant_a,87.64,35.53,45.37,0,0,healthy
2024-06-26T07:00:00,plant_a,89.91,36.05,44.39,0,0,healthy
2024-06-26T07:30:00,plant_a,87.66,36.15,40.92,0,0,healthy
2024-06-26T08:00:00,plant_a,88.69,36.57,40.06,0,0,healthy
2024-06-26T08:30:00,plant_a,87.85,36.06,40.81,0,0,healthy
2024-06-26T09:00:00,plant_a,87.44,35.35,42.02,0,0,healthy
2024-06-26T09:30:00,plant_a,89.53,36.04,41.81,0,0,healthy
2024-06-26T10:00:00,plant_a,87.72,35.55,44.19,0,0,healthy
2024-06-26T10:30:00,plant_a,86.13,35.08,45.24,0,0,healthy
2024-06-26T11:00:00,plant_a,86.4,34.86,49.07,0,0,healthy
2024-06-26T11:30:00,plant_a,84.83,33.79,52.23,0,0,healthy
2024-06-26T12:00:00,plant_a,88.32,33.47,54.41,0,0,healthy
2024-06-26T12:30:00,plant_a,87.39,32.57,51.34,0,0,healthy
2024-06-26T13:00:00,plant_a,85.64,31.36,57.02,0,0,healthy
2024-06-26T13:30:00,plant_a,87.6,31.2,58.2,0,0,healthy
2024-06-26T14:00:00,plant_a,83.89,29.54,59.13,0,0,healthy
2024-06-26T14:30:00,plant_a,87.04,29.88,64.41,0,0,healthy
2024-06-26T15:00:00,plant_a,84.7,28.75,67.15,0,0,healthy
2024-06-26T15:30:00,plant_a,86.37,28.18,66.67,0,0,healthy
2024-06-26T16:00:00,plant_a,85.8,26.55,71.38,0,0,healthy
2024-06-26T16:30:00,plant_a,82.7,26.69,72.28,0,0,healthy
2024-06-26T17:00:00,plant_a,82.56,25.66,77.36,0,0,healthy
2024-06-26T17:30:00,plant_a,83.85,25.83,79.9,0,0,healthy
2024-06-26T18:00:00,plant_a,84.24,25.35,77.86,0,0,healthy
2024-06-26T18:30:00,plant_a,83.74,24.32,81.3,0,0,healthy
2024-06-26T19:00:00,plant_a,84.83,24.91,81.27,0,0,healthy
2024-06-26T19:30:00,plant_a,84.73,24.32,80.98,0,0,healthy
2024-06-26T20:00:00,plant_a,84.18,24.61,85.3,0,0,healthy
2024-06-26T20:30:00,plant_a,84.39,23.93,80.35,0,0,healthy
2024-06-26T21:00:00,plant_a,81.9,24.56,79.66,0,0,healthy
2024-06-26T21:30:00,plant_a,85.05,24.66,81.43,0,0,healthy
2024-06-26T22:00:00,plant_a,83.56,25.26,77.76,0,0,healthy
2024-06-26T22:30:00,plant_a,83.3,25.39,77.71,0,0,healthy
2024-06-26T23:00:00,plant_a,83.46,26.35,75.44,0,0,healthy
2024-06-26T23:30:00,plant_a,84.28,26.8,76.63,0,0,healthy
2024-06-27T00:00:00,plant_a,79.19,29.63,76.79,0,0,healthy
2024-06-27T00:30:00,plant_a,80.01,31.18,72.68,0,0,healthy
2024-06-27T01:00:00,plant_a,80.46,31.62,68.5,0,0,healthy
2024-06-27T01:30:00,plant_a,81.69,32.69,66.94,0,0,healthy
2024-06-27T02:00:00,plant_a,81.51,33.69,66.3,0,0,healthy
2024-06-27T02:30:00,plant_a,82.14,33.35,61.99,0,0,healthy
2024-06-27T03:00:00,plant_a,84.31,34.04,57.82,0,0,healthy
2024-06-27T03:30:00,plant_a,83.82,35.07,57.4,0,0,healthy
2024-06-27T04:00:00,plant_a,82.79,35.73,51.27,0,0,healthy
2024-06-27T04:30:00,plant_a,81.78,37.03,55.99,0,0,healthy
2024-06-27T05:00:00,plant_a,81.77,37.12,52.81,0,0,healthy
2024-06-27T05:30:00,plant_a,82.5,37.76,46.07,0,0,healthy
2024-06-27T06:00:00,plant_a,81.16,38.17,45.31,0,0,healthy
2024-06-27T06:30:00,plant_a,81.09,39.11,46.04,0,0,healthy
2024-06-27T07:00:00,plant_a,79.65,37.93,45.57,0,0,healthy
2024-06-27T07:30:00,plant_a,80.52,38.49,45.42,0,0,healthy
2024-06-27T08:00:00,plant_a,81.38,38.95,45.43,0,0,healthy
2024-06-27T08:30:00,plant_a,79.38,38.58,44.59,0,0,healthy
2024-06-27T09:00:00,plant_a,80.59,39.08,44.49,0,0,healthy
2024-06-27T09:30:00,plant_a,79.52,39.02,46.67,0,0,healthy
2024-06-27T10:00:00,plant_a,78.56,37.96,45.73,0,0,healthy
2024-06-27T10:30:00,plant_a,78.66,37.11,47.84,0,0,healthy
2024-06-27T11:00:00,plant_a,82.27,37.53,52.84,0,0,healthy
2024-06-27T11:30:00,plant_a,80.88,36.48,53.34,0,0,healthy
2024-06-27T12:00:00,plant_a,79.47,35.46,53.16,0,0,healthy
2024-06-27T12:30:00,plant_a,80.21,34.69,57.55,0,0,healthy
2024-06-27T13:00:00,plant_a,79.69,34.74,60.28,0,0,healthy
2024-06-27T13:30:00,plant_a,77.25,33.88,62.09,0,0,healthy
2024-06-27T14:00:00,plant_a,77.3,32.09,65.58,0,0,healthy
2024-06-27T14:30:00,plant_a,76.41,31.42,70.14,0,0,healthy
2024-06-27T15:00:00,plant_a,76.63,31.16,70.19,0,0,healthy
2024-06-27T15:30:00,plant_a,77.97,30.18,71.5,0,0,healthy
2024-06-27T16:00:00,plant_a,78.68,29.77,74.87,0,0,healthy
2024-06-27T16:30:00,plant_a,74.96,29.0,78.37,0,0,healthy
2024-06-27T17:00:00,plant_a,76.53,28.26,79.61,0,0,healthy
2024-06-27T17:30:00,plant_a,77.98,28.26,79.92,0,0,healthy
2024-06-27T18:00:00,plant_a,78.04,28.34,83.98,0,0,healthy
2024-06-27T18:30:00,plant_a,75.15,28.51,81.39,0,0,healthy
2024-06-27T19:00:00,plant_a,75.46,27.21,84.08,0,0,healthy
2024-06-27T19:30:00,plant_a,77.27,27.46,86.13,0,0,healthy
2024-06-27T20:00:00,plant_a,75.69,26.91,86.42,0,0,healthy
2024-06-27T20:30:00,plant_a,77.96,27.39,85.96,0,0,healthy
2024-06-27T21:00:00,plant_a,77.5,26.88,82.25,0,0,healthy
2024-06-27T21:30:00,plant_a,77.11,27.16,85.25,0,0,healthy
2024-06-27T22:00:00,plant_a,75.52,27.54,81.58,0,0,healthy
2024-06-27T22:30:00,plant_a,77.69,28.42,80.81,0,0,healthy
2024-06-27T23:00:00,plant_a,76.85,29.29,76.4,0,0,healthy
2024-06-27T23:30:00,plant_a,77.37,29.66,78.9,0,0,healthy
2024-06-28T00:00:00,plant_a,77.31,27.27,72.15,0,0,healthy
2024-06-28T00:30:00,plant_a,77.02,28.05,70.32,0,0,healthy
2024-06-28T01:00:00,plant_a,74.29,28.55,68.66,0,0,healthy
2024-06-28T01:30:00,plant_a,75.46,29.49,65.29,0,0,healthy
2024-06-28T02:00:00,plant_a,76.21,30.48,63.22,0,0,healthy
2024-06-28T02:30:00,plant_a,75.83,31.26,60.33,0,0,healthy
2024-06-28T03:00:00,plant_a,74.54,31.93,55.03,0,0,healthy
2024-06-28T03:30:00,plant_a,74.08,32.4,54.71,0,0,healthy
2024-06-28T04:00:00,plant_a,76.71,33.58,53.19,0,0,healthy
2024-06-28T04:30:00,plant_a,74.09,34.35,53.33,0,0,healthy
2024-06-28T05:00:00,plant_a,75.0,34.49,47.07,0,0,healthy
2024-06-28T05:30:00,plant_a,75.29,34.96,48.16,0,0,healthy
2024-06-28T06:00:00,plant_a,73.64,35.11,46.36,0,0,healthy
2024-06-28T06:30:00,plant_a,73.16,36.37,46.04,0,0,healthy
2024-06-28T07:00:00,plant_a,94.29,36.46,45.73,1,0,healthy
2024-06-28T07:30:00,plant_a,94.28,37.17,42.64,0,0,healthy
2024-06-28T08:00:00,plant_a,93.54,36.62,43.3,0,0,healthy
2024-06-28T08:30:00,plant_a,95.0,36.88,43.69,0,0,healthy
2024-06-28T09:00:00,plant_a,95.0,36.45,44.83,0,0,healthy
2024-06-28T09:30:00,plant_a,93.45,35.69,44.8,0,0,healthy
2024-06-28T10:00:00,plant_a,95.0,36.1,44.59,0,0,healthy
2024-06-28T10:30:00,plant_a,95.0,34.59,46.72,0,0,healthy
2024-06-28T11:00:00,plant_a,93.9,34.55,47.93,0,0,healthy
2024-06-28T11:30:00,plant_a,93.0,34.02,49.61,0,0,healthy
2024-06-28T12:00:00,plant_a,91.68,32.96,51.51,0,0,healthy
2024-06-28T12:30:00,plant_a,92.63,33.28,54.31,0,0,healthy
2024-06-28T13:00:00,plant_a,91.08,32.77,56.07,0,0,healthy
2024-06-28T13:30:00,plant_a,92.43,30.99,59.27,0,0,healthy
2024-06-28T14:00:00,plant_a,92.57,30.76,64.87,0,0,healthy
2024-06-28T14:30:00,plant_a,92.7,29.86,66.51,0,0,healthy
2024-06-28T15:00:00,plant_a,90.47,29.51,68.94,0,0,healthy
2024-06-28T15:30:00,plant_a,92.1,28.52,68.39,0,0,healthy
2024-06-28T16:00:00,plant_a,89.98,27.63,73.18,0,0,healthy
2024-06-28T16:30:00,plant_a,91.87,26.97,74.86,0,0,healthy
2024-06-28T17:00:00,plant_a,92.54,26.48,78.22,0,0,healthy
2024-06-28T17:30:00,plant_a,92.32,26.33,79.3,0,0,healthy
2024-06-28T18:00:00,plant_a,91.63,25.49,81.89,0,0,healthy
2024-06-28T18:30:00,plant_a,93.39,24.62,80.31,0,0,healthy
2024-06-28T19:00:00,plant_a,92.45,24.86,81.63,0,0,healthy
2024-06-28T19:30:00,plant_a,89.63,25.01,83.63,0,0,healthy
2024-06-28T20:00:00,plant_a,92.8,24.54,84.31,0,0,healthy
2024-06-28T20:30:00,plant_a,92.31,24.06,81.21,0,0,healthy
2024-06-28T21:00:00,plant_a,90.6,24.56,81.65,0,0,healthy
2024-06-28T21:30:00,plant_a,89.43,24.98,80.08,0,0,healthy
2024-06-28T22:00:00,plant_a,88.65,25.54,80.47,0,0,healthy
2024-06-28T22:30:00,plant_a,91.33,26.03,79.46,0,0,healthy
2024-06-28T23:00:00,plant_a,91.03,25.97,76.35,0,0,healthy
2024-06-28T23:30:00,plant_a,90.43,27.3,76.1,0,0,healthy
2024-06-29T00:00:00,plant_a,89.72,29.42,68.44,0,0,healthy
2024-06-29T00:30:00,plant_a,88.46,30.53,66.87,0,0,healthy
2024-06-29T01:00:00,plant_a,90.84,31.34,64.73,0,0,healthy
2024-06-29T01:30:00,plant_a,87.34,31.8,58.53,0,0,healthy
2024-06-29T02:00:00,plant_a,88.33,32.44,59.84,0,0,healthy
2024-06-29T02:30:00,plant_a,89.75,33.37,58.13,0,0,healthy
2024-06-29T03:00:00,plant_a,89.52,33.66,50.79,0,0,healthy
2024-06-29T03:30:00,plant_a,88.05,34.83,48.1,0,0,healthy
2024-06-29T04:00:00,plant_a,89.5,35.61,46.98,0,0,healthy
2024-06-29T04:30:00,plant_a,88.98,36.35,44.94,0,0,healthy
2024-06-29T05:00:00,plant_a,89.61,36.45,44.8,0,0,healthy
2024-06-29T05:30:00,plant_a,90.35,37.38,40.28,0,0,healthy
2024-06-29T06:00:00,plant_a,88.58,37.72,39.45,0,0,healthy
2024-06-29T06:30:00,plant_a,86.83,37.88,40.89,0,0,healthy
2024-06-29T07:00:00,plant_a,89.17,38.77,38.67,0,0,healthy
2024-06-29T07:30:00,plant_a,90.38,38.1,38.89,0,0,healthy
2024-06-29T08:00:00,plant_a,87.56,39.09,38.11,0,0,healthy
2024-06-29T08:30:00,plant_a,86.42,38.54,36.55,0,0,healthy
2024-06-29T09:00:00,plant_a,86.42,38.66,38.71,0,0,healthy
2024-06-29T09:30:00,plant_a,88.29,37.69,41.53,0,0,healthy
2024-06-29T10:00:00,plant_a,86.84,36.9,39.4,0,0,healthy
2024-06-29T10:30:00,plant_a,85.16,36.67,42.96,0,0,healthy
2024-06-29T11:00:00,plant_a,87.05,36.97,42.81,0,0,healthy
2024-06-29T11:30:00,plant_a,87.03,35.56,45.16,0,0,healthy
2024-06-29T12:00:00,plant_a,85.97,35.26,48.21,0,0,healthy
2024-06-29T12:30:00,plant_a,85.91,34.98,50.86,0,0,healthy
2024-06-29T13:00:00,plant_a,86.86,33.85,53.86,0,0,healthy
2024-06-29T13:30:00,plant_a,85.83,33.37,55.65,0,0,healthy
2024-06-29T14:00:00,plant_a,82.7,33.26,56.69,0,0,healthy
2024-06-29T14:30:00,plant_a,84.13,31.58,58.71,0,0,healthy
2024-06-29T15:00:00,plant_a,86.98,30.69,62.21,0,0,healthy
2024-06-29T15:30:00,plant_a,83.71,30.37,67.81,0,0,healthy
2024-06-29T16:00:00,plant_a,84.85,29.18,70.04,0,0,healthy
2024-06-29T16:30:00,plant_a,84.7,28.55,70.13,0,0,healthy
2024-06-29T17:00:00,plant_a,84.37,28.34,72.21,0,0,healthy
2024-06-29T17:30:00,plant_a,84.1,28.48,78.18,0,0,healthy
2024-06-29T18:00:00,plant_a,84.16,26.93,73.81,0,0,healthy
2024-06-29T18:30:00,plant_a,84.81,26.3,76.27,0,0,healthy
2024-06-29T19:00:00,plant_a,84.21,26.77,76.77,0,0,healthy
2024-06-29T19:30:00,plant_a,85.86,26.86,77.18,0,0,healthy
2024-06-29T20:00:00,plant_a,84.52,26.42,77.29,0,0,healthy
2024-06-29T20:30:00,plant_a,83.02,27.02,77.05,0,0,healthy
2024-06-29T21:00:00,plant_a,83.37,27.1,77.84,0,0,healthy
2024-06-29T21:30:00,plant_a,83.7,26.68,80.03,0,0,healthy
2024-06-29T22:00:00,plant_a,84.36,26.35,77.34,0,0,healthy
2024-06-29T22:30:00,plant_a,81.8,27.18,72.88,0,0,healthy
2024-06-29T23:00:00,plant_a,84.82,28.14,72.52,0,0,healthy
2024-06-29T23:30:00,plant_a,81.28,29.27,69.84,0,0,healthy
2024-06-30T00:00:00,plant_a,81.62,31.52,73.9,0,0,healthy
2024-06-30T00:30:00,plant_a,83.14,32.61,71.7,0,0,healthy
2024-06-30T01:00:00,plant_a,84.72,32.81,68.51,0,0,healthy
2024-06-30T01:30:00,plant_a,83.83,34.07,65.28,0,0,healthy
2024-06-30T02:00:00,plant_a,84.93,34.44,63.18,0,0,healthy
2024-06-30T02:30:00,plant_a,83.07,34.83,58.09,0,0,healthy
2024-06-30T03:00:00,plant_a,84.88,36.37,56.61,0,0,healthy
2024-06-30T03:30:00,plant_a,82.45,36.94,54.78,0,0,healthy
2024-06-30T04:00:00,plant_a,83.88,37.19,54.66,0,0,healthy
2024-06-30T04:30:00,plant_a,81.28,38.25,53.32,0,0,healthy
2024-06-30T05:00:00,plant_a,82.48,38.44,49.36,0,0,healthy
2024-06-30T05:30:00,plant_a,82.66,38.98,46.71,0,0,healthy
2024-06-30T06:00:00,plant_a,83.78,40.14,44.85,0,0,healthy
2024-06-30T06:30:00,plant_a,79.94,39.42,43.02,0,0,healthy
2024-06-30T07:00:00,plant_a,81.03,40.15,41.78,0,0,healthy
2024-06-30T07:30:00,plant_a,81.4,39.18,43.55,0,0,healthy
2024-06-30T08:00:00,plant_a,82.97,39.9,38.85,0,0,healthy
2024-06-30T08:30:00,plant_a,81.05,40.62,42.73,0,0,healthy
2024-06-30T09:00:00,plant_a,80.93,40.7,46.39,0,0,healthy
2024-06-30T09:30:00,plant_a,81.17,39.44,44.95,0,0,healthy
2024-06-30T10:00:00,plant_a,79.04,39.58,45.49,0,0,healthy
2024-06-30T10:30:00,plant_a,79.34,39.76,46.96,0,0,healthy
2024-06-30T11:00:00,plant_a,78.02,38.78,50.06,0,0,healthy
2024-06-30T11:30:00,plant_a,79.64,37.73,50.35,0,0,healthy
2024-06-30T12:00:00,plant_a,78.64,37.19,52.12,0,0,healthy
2024-06-30T12:30:00,plant_a,78.86,36.14,55.89,0,0,healthy
2024-06-30T13:00:00,plant_a,77.97,36.29,58.57,0,0,healthy
2024-06-30T13:30:00,plant_a,80.49,34.63,62.68,0,0,healthy
2024-06-30T14:00:00,plant_a,78.34,34.64,64.5,0,0,healthy
2024-06-30T14:30:00,plant_a,79.42,33.63,66.46,0,0,healthy
2024-06-30T15:00:00,plant_a,77.97,33.13,67.01,0,0,healthy
2024-06-30T15:30:00,plant_a,78.38,32.71,73.83,0,0,healthy
2024-06-30T16:00:00,plant_a,79.0,31.97,73.96,0,0,healthy
2024-06-30T16:30:00,plant_a,78.82,31.52,75.26,0,0,healthy
2024-06-30T17:00:00,plant_a,75.5,30.08,77.59,0,0,healthy
2024-06-30T17:30:00,plant_a,76.27,29.15,78.3,0,0,healthy
2024-06-30T18:00:00,plant_a,75.66,29.56,83.05,0,0,healthy
2024-06-30T18:30:00,plant_a,77.84,28.29,81.96,0,0,healthy
2024-06-30T19:00:00,plant_a,75.9,28.71,81.25,0,0,healthy
2024-06-30T19:30:00,plant_a,78.02,28.72,82.52,0,0,healthy
2024-06-30T20:00:00,plant_a,77.37,28.41,85.76,0,0,healthy
2024-06-30T20:30:00,plant_a,74.42,28.61,84.86,0,0,healthy
2024-06-30T21:00:00,plant_a,76.21,28.39,82.75,0,0,healthy
2024-06-30T21:30:00,plant_a,75.5,28.63,80.11,0,0,healthy
2024-06-30T22:00:00,plant_a,76.35,28.36,79.59,0,0,healthy
2024-06-30T22:30:00,plant_a,77.2,29.48,78.42,0,0,healthy
2024-06-30T23:00:00,plant_a,77.58,30.78,76.21,0,0,healthy
2024-06-30T23:30:00,plant_a,77.92,30.04,74.08,0,0,healthy
2024-07-01T00:00:00,plant_a,76.99,31.9,70.07,0,0,healthy
2024-07-01T00:30:00,plant_a,77.26,32.42,68.69,0,0,healthy
2024-07-01T01:00:00,plant_a,75.51,32.99,62.26,0,0,healthy
2024-07-01T01:30:00,plant_a,76.79,33.67,64.02,0,0,healthy
2024-07-01T02:00:00,plant_a,77.06,34.71,60.03,0,0,healthy
2024-07-01T02:30:00,plant_a,75.96,35.5,55.1,0,0,healthy
2024-07-01T03:00:00,plant_a,77.34,36.12,55.51,0,0,healthy
2024-07-01T03:30:00,plant_a,75.83,37.21,52.57,0,0,healthy
2024-07-01T04:00:00,plant_a,76.44,37.45,51.38,0,0,healthy
2024-07-01T04:30:00,plant_a,75.42,38.47,47.1,0,0,healthy
2024-07-01T05:00:00,plant_a,75.05,39.27,44.0,0,0,healthy
2024-07-01T05:30:00,plant_a,72.91,39.45,45.08,0,0,healthy
2024-07-01T06:00:00,plant_a,74.49,40.54,44.52,0,0,healthy
2024-07-01T06:30:00,plant_a,76.4,40.92,41.81,0,0,healthy
2024-07-01T07:00:00,plant_a,95.0,40.32,36.55,1,0,healthy
2024-07-01T07:30:00,plant_a,95.0,40.44,39.76,0,0,healthy
2024-07-01T08:00:00,plant_a,91.68,41.16,39.59,0,0,healthy
2024-07-01T08:30:00,plant_a,93.77,40.28,38.85,0,0,healthy
2024-07-01T09:00:00,plant_a,93.26,40.2,38.46,0,0,healthy
2024-07-01T09:30:00,plant_a,93.82,40.21,42.71,0,0,healthy
2024-07-01T10:00:00,plant_a,91.76,39.82,41.24,0,0,healthy
2024-07-01T10:30:00,plant_a,94.06,39.54,45.3,0,0,healthy
2024-07-01T11:00:00,plant_a,95.0,39.04,46.55,0,0,healthy
2024-07-01T11:30:00,plant_a,92.3,38.4,47.76,0,0,healthy
2024-07-01T12:00:00,plant_a,95.0,37.34,49.69,0,0,healthy
2024-07-01T12:30:00,plant_a,92.78,36.79,52.77,0,0,healthy
2024-07-01T13:00:00,plant_a,92.55,36.4,53.64,0,0,healthy
2024-07-01T13:30:00,plant_a,93.19,35.21,56.73,0,0,healthy
2024-07-01T14:00:00,plant_a,93.12,35.36,58.77,0,0,healthy
2024-07-01T14:30:00,plant_a,92.64,33.98,64.07,0,0,healthy
2024-07-01T15:00:00,plant_a,91.84,33.92,67.37,0,0,healthy
2024-07-01T15:30:00,plant_a,90.35,32.37,66.42,0,0,healthy
2024-07-01T16:00:00,plant_a,91.24,31.07,67.39,0,0,healthy
2024-07-01T16:30:00,plant_a,92.4,31.28,73.2,0,0,healthy
2024-07-01T17:00:00,plant_a,89.94,30.13,73.75,0,0,healthy
2024-07-01T17:30:00,plant_a,92.55,30.07,76.04,0,0,healthy
2024-07-01T18:00:00,plant_a,92.18,29.75,77.49,0,0,healthy
2024-07-01T18:30:00,plant_a,91.16,29.18,80.73,0,0,healthy
2024-07-01T19:00:00,plant_a,90.43,28.71,80.24,0,0,healthy
2024-07-01T19:30:00,plant_a,91.6,28.66,80.81,0,0,healthy
2024-07-01T20:00:00,plant_a,91.68,27.46,77.31,0,0,healthy
2024-07-01T20:30:00,plant_a,90.81,28.48,82.25,0,0,healthy
2024-07-01T21:00:00,plant_a,90.66,28.96,79.31,0,0,healthy
2024-07-01T21:30:00,plant_a,89.77,29.0,78.56,0,0,healthy
2024-07-01T22:00:00,plant_a,91.39,28.98,77.58,0,0,healthy
2024-07-01T22:30:00,plant_a,89.62,30.07,74.63,0,0,healthy
2024-07-01T23:00:00,plant_a,90.3,30.13,74.01,0,0,healthy
2024-07-01T23:30:00,plant_a,89.79,30.48,72.7,0,0,healthy
2024-07-02T00:00:00,plant_a,86.6,28.1,63.47,0,0,healthy
2024-07-02T00:30:00,plant_a,90.16,28.82,64.58,0,0,healthy
2024-07-02T01:00:00,plant_a,89.48,29.61,62.56,0,0,healthy
2024-07-02T01:30:00,plant_a,89.04,30.46,60.46,0,0,healthy
2024-07-02T02:00:00,plant_a,90.27,32.04,56.39,0,0,healthy
2024-07-02T02:30:00,plant_a,88.72,32.46,54.48,0,0,healthy
2024-07-02T03:00:00,plant_a,88.9,33.02,50.41,0,0,healthy
2024-07-02T03:30:00,plant_a,89.7,33.56,47.86,0,0,healthy
2024-07-02T04:00:00,plant_a,91.0,34.43,43.71,0,0,healthy
2024-07-02T04:30:00,plant_a,89.1,34.78,44.0,0,0,healthy
2024-07-02T05:00:00,plant_a,89.01,35.64,39.02,0,0,healthy
2024-07-02T05:30:00,plant_a,86.72,36.57,39.8,0,0,healthy
2024-07-02T06:00:00,plant_a,90.08,36.66,37.58,0,0,healthy
2024-07-02T06:30:00,plant_a,86.31,37.0,38.0,0,0,healthy
2024-07-02T07:00:00,plant_a,90.29,36.96,36.5,0,0,healthy
2024-07-02T07:30:00,plant_a,85.85,36.96,36.25,0,0,healthy
2024-07-02T08:00:00,plant_a,87.43,36.9,37.83,0,0,healthy
2024-07-02T08:30:00,plant_a,89.59,36.77,36.02,0,0,healthy
2024-07-02T09:00:00,plant_a,86.95,37.64,36.74,0,0,healthy
2024-07-02T09:30:00,plant_a,87.98,36.42,39.22,0,0,healthy
2024-07-02T10:00:00,plant_a,86.69,37.19,40.02,0,0,healthy
2024-07-02T10:30:00,plant_a,86.05,36.22,40.2,0,0,healthy
2024-07-02T11:00:00,plant_a,86.35,35.79,41.52,0,0,healthy
2024-07-02T11:30:00,plant_a,86.42,34.65,42.41,0,0,healthy
2024-07-02T12:00:00,plant_a,86.26,34.32,47.32,0,0,healthy
2024-07-02T12:30:00,plant_a,84.31,33.59,50.44,0,0,healthy
2024-07-02T13:00:00,plant_a,84.9,32.39,49.14,0,0,healthy
2024-07-02T13:30:00,plant_a,86.45,31.53,53.12,0,0,healthy
2024-07-02T14:00:00,plant_a,84.49,31.02,55.25,0,0,healthy
2024-07-02T14:30:00,plant_a,84.63,30.32,58.23,0,0,healthy
2024-07-02T15:00:00,plant_a,85.21,29.52,61.59,0,0,healthy
2024-07-02T15:30:00,plant_a,84.13,28.77,63.42,0,0,healthy
2024-07-02T16:00:00,plant_a,82.47,27.92,64.7,0,0,healthy
2024-07-02T16:30:00,plant_a,83.14,27.5,66.78,0,0,healthy
2024-07-02T17:00:00,plant_a,83.12,27.41,72.97,0,0,healthy
2024-07-02T17:30:00,plant_a,85.27,26.61,73.26,0,0,healthy
2024-07-02T18:00:00,plant_a,84.33,25.95,73.19,0,0,healthy
2024-07-02T18:30:00,plant_a,83.44,24.82,72.92,0,0,healthy
2024-07-02T19:00:00,plant_a,82.74,25.65,74.3,0,0,healthy
2024-07-02T19:30:00,plant_a,81.49,25.29,75.96,0,0,healthy
2024-07-02T20:00:00,plant_a,84.5,25.4,79.29,0,0,healthy
2024-07-02T20:30:00,plant_a,82.47,25.83,76.92,0,0,healthy
2024-07-02T21:00:00,plant_a,82.7,25.4,73.9,0,0,healthy
2024-07-02T21:30:00,plant_a,83.26,25.53,73.52,0,0,healthy
2024-07-02T22:00:00,plant_a,83.37,25.64,74.71,0,0,healthy
2024-07-02T22:30:00,plant_a,84.4,26.21,72.87,0,0,healthy
2024-07-02T23:00:00,plant_a,82.05,26.29,70.32,0,0,healthy
2024-07-02T23:30:00,plant_a,83.94,27.3,68.67,0,0,healthy
2024-07-03T00:00:00,plant_a,85.52,33.11,66.92,0,0,healthy
2024-07-03T00:30:00,plant_a,83.43,32.12,70.13,0,0,healthy
2024-07-03T01:00:00,plant_a,82.39,33.7,63.54,0,0,healthy
2024-07-03T01:30:00,plant_a,81.52,34.04,58.8,0,0,healthy
2024-07-03T02:00:00,plant_a,81.9,34.8,58.56,0,0,healthy
2024-07-03T02:30:00,plant_a,79.81,35.66,59.44,0,0,healthy
2024-07-03T03:00:00,plant_a,81.27,36.59,52.41,0,0,healthy
2024-07-03T03:30:00,plant_a,78.9,36.8,49.55,0,0,healthy
2024-07-03T04:00:00,plant_a,83.18,37.89,47.89,0,0,healthy
2024-07-03T04:30:00,plant_a,82.85,38.61,45.8,0,0,healthy
2024-07-03T05:00:00,plant_a,82.72,38.6,43.77,0,0,healthy
2024-07-03T05:30:00,plant_a,83.29,38.81,41.17,0,0,healthy
2024-07-03T06:00:00,plant_a,81.85,40.19,40.4,0,0,healthy
2024-07-03T06:30:00,plant_a,82.04,40.1,41.22,0,0,healthy
2024-07-03T07:00:00,plant_a,81.61,41.43,40.18,0,0,healthy
2024-07-03T07:30:00,plant_a,81.87,41.42,37.19,0,0,healthy
2024-07-03T08:00:00,plant_a,80.68,40.21,39.53,0,0,healthy
2024-07-03T08:30:00,plant_a,82.84,40.66,36.57,0,0,healthy
2024-07-03T09:00:00,plant_a,82.0,40.41,38.15,0,0,healthy
2024-07-03T09:30:00,plant_a,82.3,40.31,39.47,0,0,healthy
2024-07-03T10:00:00,plant_a,82.17,40.34,39.31,0,0,healthy
2024-07-03T10:30:00,plant_a,81.83,38.97,43.87,0,0,healthy
2024-07-03T11:00:00,plant_a,80.39,38.94,42.91,0,0,healthy
2024-07-03T11:30:00,plant_a,78.24,39.25,46.24,0,0,healthy
2024-07-03T12:00:00,plant_a,78.59,38.14,50.03,0,0,healthy
2024-07-03T12:30:00,plant_a,79.51,37.48,52.0,0,0,healthy
2024-07-03T13:00:00,plant_a,78.98,36.59,52.88,0,0,healthy
2024-07-03T13:30:00,plant_a,77.5,35.18,56.29,0,0,healthy
2024-07-03T14:00:00,plant_a,77.63,34.9,57.85,0,0,healthy
2024-07-03T14:30:00,plant_a,79.44,34.24,61.3,0,0,healthy
2024-07-03T15:00:00,plant_a,77.73,33.3,62.89,0,0,healthy
2024-07-03T15:30:00,plant_a,78.19,31.92,65.85,0,0,healthy
2024-07-03T16:00:00,plant_a,78.16,32.06,66.61,0,0,healthy
2024-07-03T16:30:00,plant_a,77.05,31.1,69.59,0,0,healthy
2024-07-03T17:00:00,plant_a,75.94,30.23,72.38,0,0,healthy
2024-07-03T17:30:00,plant_a,77.73,30.21,72.78,0,0,healthy
2024-07-03T18:00:00,plant_a,77.6,29.63,74.8,0,0,healthy
2024-07-03T18:30:00,plant_a,75.92,29.16,77.78,0,0,healthy
2024-07-03T19:00:00,plant_a,76.71,29.06,76.04,0,0,healthy
2024-07-03T19:30:00,plant_a,80.19,28.05,75.01,0,0,healthy
2024-07-03T20:00:00,plant_a,76.13,28.99,80.89,0,0,healthy
2024-07-03T20:30:00,plant_a,77.32,29.08,79.43,0,0,healthy
2024-07-03T21:00:00,plant_a,76.76,28.33,77.93,0,0,healthy
2024-07-03T21:30:00,plant_a,76.86,30.23,75.62,0,0,healthy
2024-07-03T22:00:00,plant_a,78.07,29.17,77.84,0,0,healthy
2024-07-03T22:30:00,plant_a,76.69,30.48,75.15,0,0,healthy
2024-07-03T23:00:00,plant_a,77.31,30.7,71.38,0,0,healthy
2024-07-03T23:30:00,plant_a,76.28,30.95,70.23,0,0,healthy
2024-07-04T00:00:00,plant_a,74.42,27.94,74.97,0,0,healthy
2024-07-04T00:30:00,plant_a,77.67,29.1,71.39,0,0,healthy
2024-07-04T01:00:00,plant_a,75.92,29.22,69.27,0,0,healthy
2024-07-04T01:30:00,plant_a,76.84,30.23,64.1,0,0,healthy
2024-07-04T02:00:00,plant_a,77.5,31.07,64.99,0,0,healthy
2024-07-04T02:30:00,plant_a,75.79,31.55,63.8,0,0,healthy
2024-07-04T03:00:00,plant_a,74.32,31.75,61.32,0,0,healthy
2024-07-04T03:30:00,plant_a,75.76,33.0,54.98,0,0,healthy
2024-07-04T04:00:00,plant_a,72.94,34.62,54.57,0,0,healthy
2024-07-04T04:30:00,plant_a,75.84,34.86,49.96,0,0,healthy
2024-07-04T05:00:00,plant_a,75.65,35.55,46.06,0,0,healthy
2024-07-04T05:30:00,plant_a,75.69,35.93,47.79,0,0,healthy
2024-07-04T06:00:00,plant_a,73.79,36.01,45.5,0,0,healthy
2024-07-04T06:30:00,plant_a,75.15,36.21,46.18,0,0,healthy
2024-07-04T07:00:00,plant_a,94.38,36.46,45.94,1,0,healthy
2024-07-04T07:30:00,plant_a,94.64,37.04,41.73,0,0,healthy
2024-07-04T08:00:00,plant_a,95.0,36.29,43.65,0,0,healthy
2024-07-04T08:30:00,plant_a,94.21,36.52,43.27,0,0,healthy
2024-07-04T09:00:00,plant_a,95.0,37.37,43.83,0,0,healthy
2024-07-04T09:30:00,plant_a,93.65,35.67,47.6,0,0,healthy
2024-07-04T10:00:00,plant_a,92.58,35.71,46.34,0,0,healthy
2024-07-04T10:30:00,plant_a,94.53,36.24,50.9,0,0,healthy
2024-07-04T11:00:00,plant_a,94.33,34.93,48.38,0,0,healthy
2024-07-04T11:30:00,plant_a,92.99,34.85,52.76,0,0,healthy
2024-07-04T12:00:00,plant_a,93.72,33.12,52.66,0,0,healthy
2024-07-04T12:30:00,plant_a,94.5,32.96,55.73,0,0,healthy
2024-07-04T13:00:00,plant_a,95.0,32.4,60.47,0,0,healthy
2024-07-04T13:30:00,plant_a,94.52,31.96,60.24,0,0,healthy
2024-07-04T14:00:00,plant_a,89.37,30.53,64.47,0,0,healthy
2024-07-04T14:30:00,plant_a,92.61,30.56,64.46,0,0,healthy
2024-07-04T15:00:00,plant_a,91.94,28.5,67.36,0,0,healthy
2024-07-04T15:30:00,plant_a,92.15,27.71,72.39,0,0,healthy
2024-07-04T16:00:00,plant_a,93.54,27.3,73.12,0,0,healthy
2024-07-04T16:30:00,plant_a,93.24,27.42,76.28,0,0,healthy
2024-07-04T17:00:00,plant_a,91.16,26.08,77.44,0,0,healthy
2024-07-04T17:30:00,plant_a,92.43,26.15,80.46,0,0,healthy
2024-07-04T18:00:00,plant_a,90.33,25.33,80.18,0,0,healthy
2024-07-04T18:30:00,plant_a,89.39,24.79,81.95,0,0,healthy
2024-07-04T19:00:00,plant_a,90.28,24.7,83.87,0,0,healthy
2024-07-04T19:30:00,plant_a,89.35,25.1,84.08,0,0,healthy
2024-07-04T20:00:00,plant_a,92.39,25.01,84.69,0,0,healthy
2024-07-04T20:30:00,plant_a,90.42,24.36,84.62,0,0,healthy
2024-07-04T21:00:00,plant_a,92.29,25.03,85.97,0,0,healthy
2024-07-04T21:30:00,plant_a,91.33,26.13,81.71,0,0,healthy
2024-07-04T22:00:00,plant_a,89.13,25.7,79.74,0,0,healthy
2024-07-04T22:30:00,plant_a,90.39,26.02,79.62,0,0,healthy
2024-07-04T23:00:00,plant_a,90.02,26.24,76.85,0,0,healthy
2024-07-04T23:30:00,plant_a,91.62,27.2,73.67,0,0,healthy
2024-07-05T00:00:00,plant_a,87.56,27.72,72.78,0,0,healthy
2024-07-05T00:30:00,plant_a,88.43,27.84,70.86,0,0,healthy
2024-07-05T01:00:00,plant_a,93.56,29.64,66.05,0,0,healthy
2024-07-05T01:30:00,plant_a,89.46,30.02,63.07,0,0,healthy
2024-07-05T02:00:00,plant_a,87.79,30.79,63.55,0,0,healthy
2024-07-05T02:30:00,plant_a,89.65,31.36,60.52,0,0,healthy
2024-07-05T03:00:00,plant_a,89.85,32.01,55.36,0,0,healthy
2024-07-05T03:30:00,plant_a,89.88,33.6,55.32,0,0,healthy
2024-07-05T04:00:00,plant_a,90.39,34.44,50.07,0,0,healthy
2024-07-05T04:30:00,plant_a,89.43,35.03,51.89,0,0,healthy
2024-07-05T05:00:00,plant_a,90.44,34.86,49.25,0,0,healthy
2024-07-05T05:30:00,plant_a,89.53,35.37,46.79,0,0,healthy
2024-07-05T06:00:00,plant_a,86.88,35.71,45.54,0,0,healthy
2024-07-05T06:30:00,plant_a,89.6,36.39,46.19,0,0,healthy
2024-07-05T07:00:00,plant_a,89.97,36.25,42.9,0,0,healthy
2024-07-05T07:30:00,plant_a,87.42,37.13,43.61,0,0,healthy
2024-07-05T08:00:00,plant_a,86.9,37.22,40.39,0,0,healthy
2024-07-05T08:30:00,plant_a,89.08,35.82,42.27,0,0,healthy
2024-07-05T09:00:00,plant_a,86.62,36.91,43.43,0,0,healthy
2024-07-05T09:30:00,plant_a,84.63,35.85,43.01,0,0,healthy
2024-07-05T10:00:00,plant_a,88.47,36.7,46.07,0,0,healthy
2024-07-05T10:30:00,plant_a,88.54,35.31,47.12,0,0,healthy
2024-07-05T11:00:00,plant_a,86.76,34.66,47.7,0,0,healthy
2024-07-05T11:30:00,plant_a,85.96,34.68,50.93,0,0,healthy
2024-07-05T12:00:00,plant_a,85.51,33.64,49.52,0,0,healthy
2024-07-05T12:30:00,plant_a,86.55,33.1,54.67,0,0,healthy
2024-07-05T13:00:00,plant_a,86.37,32.2,55.74,0,0,healthy
2024-07-05T13:30:00,plant_a,84.78,31.49,60.08,0,0,healthy
2024-07-05T14:00:00,plant_a,84.56,30.67,60.37,0,0,healthy
2024-07-05T14:30:00,plant_a,84.6,29.37,63.99,0,0,healthy
2024-07-05T15:00:00,plant_a,85.54,29.36,67.31,0,0,healthy
2024-07-05T15:30:00,plant_a,84.43,28.91,68.25,0,0,healthy
2024-07-05T16:00:00,plant_a,85.06,27.56,72.78,0,0,healthy
2024-07-05T16:30:00,plant_a,84.18,26.98,75.01,0,0,healthy
2024-07-05T17:00:00,plant_a,83.44,26.12,75.78,0,0,healthy
2024-07-05T17:30:00,plant_a,82.57,26.15,77.32,0,0,healthy
2024-07-05T18:00:00,plant_a,82.43,25.8,80.29,0,0,healthy
2024-07-05T18:30:00,plant_a,83.62,25.19,82.21,0,0,healthy
2024-07-05T19:00:00,plant_a,83.41,25.16,79.98,0,0,healthy
2024-07-05T19:30:00,plant_a,84.32,24.84,82.97,0,0,healthy
2024-07-05T20:00:00,plant_a,83.25,24.55,80.56,0,0,healthy
2024-07-05T20:30:00,plant_a,83.27,24.72,80.25,0,0,healthy
2024-07-05T21:00:00,plant_a,84.96,25.46,78.63,0,0,healthy
2024-07-05T21:30:00,plant_a,80.85,24.7,81.08,0,0,healthy
2024-07-05T22:00:00,plant_a,86.59,25.18,79.21,0,0,healthy
2024-07-05T22:30:00,plant_a,84.94,25.89,79.91,0,0,healthy
2024-07-05T23:00:00,plant_a,84.44,26.59,77.83,0,0,healthy
2024-07-05T23:30:00,plant_a,84.41,26.63,74.28,0,0,healthy
2024-07-06T00:00:00,plant_a,82.41,31.94,64.74,0,0,healthy
2024-07-06T00:30:00,plant_a,81.84,32.65,64.21,0,0,healthy
2024-07-06T01:00:00,plant_a,84.58,33.46,63.89,0,0,healthy
2024-07-06T01:30:00,plant_a,84.36,34.6,53.87,0,0,healthy
2024-07-06T02:00:00,plant_a,81.74,35.11,54.58,0,0,healthy
2024-07-06T02:30:00,plant_a,81.9,35.98,54.03,0,0,healthy
2024-07-06T03:00:00,plant_a,81.99,37.17,50.76,0,0,healthy
2024-07-06T03:30:00,plant_a,83.62,37.2,49.06,0,0,healthy
2024-07-06T04:00:00,plant_a,81.73,37.59,46.23,0,0,healthy
2024-07-06T04:30:00,plant_a,80.4,38.82,44.56,0,0,healthy
2024-07-06T05:00:00,plant_a,81.39,39.49,40.86,0,0,healthy
2024-07-06T05:30:00,plant_a,79.43,39.85,38.63,0,0,healthy
2024-07-06T06:00:00,plant_a,79.99,40.19,40.69,0,0,healthy
2024-07-06T06:30:00,plant_a,80.59,40.11,40.35,0,0,healthy
2024-07-06T07:00:00,plant_a,79.68,41.06,37.89,0,0,healthy
2024-07-06T07:30:00,plant_a,80.34,40.82,35.45,0,0,healthy
2024-07-06T08:00:00,plant_a,80.24,40.87,35.5,0,0,healthy
2024-07-06T08:30:00,plant_a,78.87,41.16,35.83,0,0,healthy
2024-07-06T09:00:00,plant_a,81.61,40.66,41.47,0,0,healthy
2024-07-06T09:30:00,plant_a,81.12,39.93,36.03,0,0,healthy
2024-07-06T10:00:00,plant_a,79.16,39.95,36.77,0,0,healthy
2024-07-06T10:30:00,plant_a,78.67,39.69,38.35,0,0,healthy
2024-07-06T11:00:00,plant_a,79.68,39.26,40.92,0,0,healthy
2024-07-06T11:30:00,plant_a,80.3,38.61,46.03,0,0,healthy
2024-07-06T12:00:00,plant_a,80.15,37.84,46.33,0,0,healthy
2024-07-06T12:30:00,plant_a,79.68,37.37,46.37,0,0,healthy
2024-07-06T13:00:00,plant_a,80.02,36.25,53.09,0,0,healthy
2024-07-06T13:30:00,plant_a,78.9,35.45,53.95,0,0,healthy
2024-07-06T14:00:00,plant_a,80.2,34.63,54.0,0,0,healthy
2024-07-06T14:30:00,plant_a,77.96,34.65,61.56,0,0,healthy
2024-07-06T15:00:00,plant_a,79.31,32.53,61.39,0,0,healthy
2024-07-06T15:30:00,plant_a,77.32,32.56,62.58,0,0,healthy
2024-07-06T16:00:00,plant_a,77.38,31.45,70.04,0,0,healthy
2024-07-06T16:30:00,plant_a,77.62,31.07,66.88,0,0,healthy
2024-07-06T17:00:00,plant_a,78.55,30.92,72.45,0,0,healthy
2024-07-06T17:30:00,plant_a,77.68,29.98,71.34,0,0,healthy
2024-07-06T18:00:00,plant_a,76.22,29.57,74.91,0,0,healthy
2024-07-06T18:30:00,plant_a,76.36,29.5,76.17,0,0,healthy
2024-07-06T19:00:00,plant_a,76.38,29.52,76.51,0,0,healthy
2024-07-06T19:30:00,plant_a,77.3,28.97,76.65,0,0,healthy
2024-07-06T20:00:00,plant_a,75.73,28.59,76.94,0,0,healthy
2024-07-06T20:30:00,plant_a,77.77,28.89,77.15,0,0,healthy
2024-07-06T21:00:00,plant_a,76.37,28.82,75.9,0,0,healthy
2024-07-06T21:30:00,plant_a,77.06,29.11,74.15,0,0,healthy
2024-07-06T22:00:00,plant_a,75.97,29.8,71.67,0,0,healthy
2024-07-06T22:30:00,plant_a,76.86,30.27,72.74,0,0,healthy
2024-07-06T23:00:00,plant_a,75.83,30.8,69.05,0,0,healthy
2024-07-06T23:30:00,plant_a,75.56,31.59,66.75,0,0,healthy
2024-07-07T00:00:00,plant_a,75.58,28.53,69.18,0,0,healthy
2024-07-07T00:30:00,plant_a,74.5,29.23,64.23,0,0,healthy
2024-07-07T01:00:00,plant_a,78.09,30.1,62.61,0,0,healthy
2024-07-07T01:30:00,plant_a,76.11,31.32,57.71,0,0,healthy
2024-07-07T02:00:00,plant_a,74.55,31.85,57.26,0,0,healthy
2024-07-07T02:30:00,plant_a,73.99,32.26,55.83,0,0,healthy
2024-07-07T03:00:00,plant_a,75.99,34.1,50.57,0,0,healthy
2024-07-07T03:30:00,plant_a,73.7,33.57,52.01,0,0,healthy
2024-07-07T04:00:00,plant_a,74.28,34.15,49.43,0,0,healthy
2024-07-07T04:30:00,plant_a,74.34,35.86,46.36,0,0,healthy
2024-07-07T05:00:00,plant_a,74.31,36.36,45.29,0,0,healthy
2024-07-07T05:30:00,plant_a,76.78,36.36,41.86,0,0,healthy
2024-07-07T06:00:00,plant_a,76.62,37.4,41.27,0,0,healthy
2024-07-07T06:30:00,plant_a,73.69,36.89,37.58,0,0,healthy
2024-07-07T07:00:00,plant_a,93.81,37.47,37.1,1,0,healthy
2024-07-07T07:30:00,plant_a,95.0,36.68,37.18,0,0,healthy
2024-07-07T08:00:00,plant_a,93.85,38.0,38.99,0,0,healthy
2024-07-07T08:30:00,plant_a,93.0,37.8,36.81,0,0,healthy
2024-07-07T09:00:00,plant_a,94.63,37.07,39.08,0,0,healthy
2024-07-07T09:30:00,plant_a,95.0,38.12,41.36,0,0,healthy
2024-07-07T10:00:00,plant_a,92.63,36.75,39.49,0,0,healthy
2024-07-07T10:30:00,plant_a,92.91,35.82,41.4,0,0,healthy
2024-07-07T11:00:00,plant_a,94.77,36.9,44.72,0,0,healthy
2024-07-07T11:30:00,plant_a,93.44,35.68,43.66,0,0,healthy
2024-07-07T12:00:00,plant_a,91.96,35.08,47.86,0,0,healthy
2024-07-07T12:30:00,plant_a,92.31,34.4,47.69,0,0,healthy
2024-07-07T13:00:00,plant_a,93.93,32.99,53.88,0,0,healthy
2024-07-07T13:30:00,plant_a,92.31,32.84,57.09,0,0,healthy
2024-07-07T14:00:00,plant_a,90.89,32.1,58.97,0,0,healthy
2024-07-07T14:30:00,plant_a,93.61,30.77,62.6,0,0,healthy
2024-07-07T15:00:00,plant_a,92.58,30.03,64.89,0,0,healthy
2024-07-07T15:30:00,plant_a,91.07,29.83,65.71,0,0,healthy
2024-07-07T16:00:00,plant_a,91.47,28.79,69.73,0,0,healthy
2024-07-07T16:30:00,plant_a,91.07,28.34,71.28,0,0,healthy
2024-07-07T17:00:00,plant_a,90.0,27.89,74.56,0,0,healthy
2024-07-07T17:30:00,plant_a,91.5,27.16,72.8,0,0,healthy
2024-07-07T18:00:00,plant_a,92.31,25.95,75.75,0,0,healthy
2024-07-07T18:30:00,plant_a,92.51,25.94,77.5,0,0,healthy
2024-07-07T19:00:00,plant_a,89.68,26.23,75.4,0,0,healthy
2024-07-07T19:30:00,plant_a,89.97,25.56,78.19,0,0,healthy
2024-07-07T20:00:00,plant_a,88.35,26.36,78.67,0,0,healthy
2024-07-07T20:30:00,plant_a,89.74,26.41,78.0,0,0,healthy
2024-07-07T21:00:00,plant_a,90.58,26.08,79.91,0,0,healthy
2024-07-07T21:30:00,plant_a,90.42,25.79,76.82,0,0,healthy
2024-07-07T22:00:00,plant_a,90.69,26.55,74.55,0,0,healthy
2024-07-07T22:30:00,plant_a,89.19,26.32,74.8,0,0,healthy
2024-07-07T23:00:00,plant_a,89.13,27.26,73.12,0,0,healthy
2024-07-07T23:30:00,plant_a,91.4,27.69,69.86,0,0,healthy
2024-07-08T00:00:00,plant_a,89.5,31.78,69.41,0,0,healthy
2024-07-08T00:30:00,plant_a,88.89,32.45,67.72,0,0,healthy
2024-07-08T01:00:00,plant_a,88.49,33.02,64.77,0,0,healthy
2024-07-08T01:30:00,plant_a,89.27,34.31,63.31,0,0,healthy
2024-07-08T02:00:00,plant_a,89.31,34.39,58.69,0,0,healthy
2024-07-08T02:30:00,plant_a,89.56,35.77,60.25,0,0,healthy
2024-07-08T03:00:00,plant_a,92.65,36.01,56.09,0,0,healthy
2024-07-08T03:30:00,plant_a,87.78,37.62,54.8,0,0,healthy
2024-07-08T04:00:00,plant_a,90.13,37.82,50.77,0,0,healthy
2024-07-08T04:30:00,plant_a,85.81,38.73,49.79,0,0,healthy
2024-07-08T05:00:00,plant_a,89.04,38.49,48.13,0,0,healthy
2024-07-08T05:30:00,plant_a,88.96,39.42,43.44,0,0,healthy
2024-07-08T06:00:00,plant_a,87.13,39.74,43.49,0,0,healthy
2024-07-08T06:30:00,plant_a,87.09,40.82,41.83,0,0,healthy
2024-07-08T07:00:00,plant_a,88.11,40.48,43.86,0,0,healthy
2024-07-08T07:30:00,plant_a,87.09,40.45,39.23,0,0,healthy
2024-07-08T08:00:00,plant_a,89.11,40.75,41.21,0,0,healthy
2024-07-08T08:30:00,plant_a,88.0,41.25,40.97,0,0,healthy
2024-07-08T09:00:00,plant_a,86.77,40.14,43.2,0,0,healthy
2024-07-08T09:30:00,plant_a,87.97,40.32,41.52,0,0,healthy
2024-07-08T10:00:00,plant_a,87.71,40.02,43.81,0,0,healthy
2024-07-08T10:30:00,plant_a,86.68,39.53,45.7,0,0,healthy
2024-07-08T11:00:00,plant_a,86.04,38.7,44.25,0,0,healthy
2024-07-08T11:30:00,plant_a,87.11,38.19,51.12,0,0,healthy
2024-07-08T12:00:00,plant_a,84.02,37.65,51.86,0,0,healthy
2024-07-08T12:30:00,plant_a,85.1,37.07,53.74,0,0,healthy
2024-07-08T13:00:00,plant_a,86.35,36.04,51.03,0,0,healthy
2024-07-08T13:30:00,plant_a,85.6,35.4,57.26,0,0,healthy
2024-07-08T14:00:00,plant_a,83.7,34.79,61.56,0,0,healthy
2024-07-08T14:30:00,plant_a,86.98,33.47,65.36,0,0,healthy
2024-07-08T15:00:00,plant_a,84.91,32.83,66.89,0,0,healthy
2024-07-08T15:30:00,plant_a,85.75,32.07,70.98,0,0,healthy
2024-07-08T16:00:00,plant_a,84.55,31.09,69.26,0,0,healthy
2024-07-08T16:30:00,plant_a,85.65,30.71,73.28,0,0,healthy
2024-07-08T17:00:00,plant_a,84.34,30.29,76.58,0,0,healthy
2024-07-08T17:30:00,plant_a,83.5,29.38,73.38,0,0,healthy
2024-07-08T18:00:00,plant_a,83.81,29.28,80.15,0,0,healthy
2024-07-08T18:30:00,plant_a,82.99,29.45,79.01,0,0,healthy
2024-07-08T19:00:00,plant_a,85.8,28.39,79.68,0,0,healthy
2024-07-08T19:30:00,plant_a,84.47,29.11,82.06,0,0,healthy
2024-07-08T20:00:00,plant_a,81.98,29.02,80.95,0,0,healthy
2024-07-08T20:30:00,plant_a,81.56,28.41,80.27,0,0,healthy
2024-07-08T21:00:00,plant_a,82.5,29.31,81.09,0,0,healthy
2024-07-08T21:30:00,plant_a,84.78,28.68,76.94,0,0,healthy
2024-07-08T22:00:00,plant_a,83.92,29.4,79.58,0,0,healthy
2024-07-08T22:30:00,plant_a,84.13,29.88,78.04,0,0,healthy
2024-07-08T23:00:00,plant_a,83.41,30.42,78.08,0,0,healthy
2024-07-08T23:30:00,plant_a,84.84,30.51,70.77,0,0,healthy
2024-07-09T00:00:00,plant_a,84.79,30.77,70.4,0,0,healthy
2024-07-09T00:30:00,plant_a,82.45,31.78,67.63,0,0,healthy
2024-07-09T01:00:00,plant_a,81.48,31.68,62.19,0,0,healthy
2024-07-09T01:30:00,plant_a,81.52,33.66,61.81,0,0,healthy
2024-07-09T02:00:00,plant_a,82.64,34.4,62.57,0,0,healthy
2024-07-09T02:30:00,plant_a,81.87,35.02,57.43,0,0,healthy
2024-07-09T03:00:00,plant_a,80.09,35.88,55.59,0,0,healthy
2024-07-09T03:30:00,plant_a,81.24,36.33,53.45,0,0,healthy
2024-07-09T04:00:00,plant_a,82.36,36.56,50.34,0,0,healthy
2024-07-09T04:30:00,plant_a,82.4,37.9,48.1,0,0,healthy
2024-07-09T05:00:00,plant_a,80.61,38.36,48.31,0,0,healthy
2024-07-09T05:30:00,plant_a,81.07,38.91,46.31,0,0,healthy
2024-07-09T06:00:00,plant_a,82.93,39.68,43.71,0,0,healthy
2024-07-09T06:30:00,plant_a,83.21,40.03,40.88,0,0,healthy
2024-07-09T07:00:00,plant_a,81.75,39.84,40.26,0,0,healthy
2024-07-09T07:30:00,plant_a,80.82,39.09,41.84,0,0,healthy
2024-07-09T08:00:00,plant_a,82.05,40.41,42.62,0,0,healthy
2024-07-09T08:30:00,plant_a,80.12,39.83,43.09,0,0,healthy
2024-07-09T09:00:00,plant_a,81.95,39.45,37.74,0,0,healthy
2024-07-09T09:30:00,plant_a,80.18,39.06,42.22,0,0,healthy
2024-07-09T10:00:00,plant_a,81.4,38.57,43.69,0,0,healthy
2024-07-09T10:30:00,plant_a,78.56,39.7,44.81,0,0,healthy
2024-07-09T11:00:00,plant_a,80.37,37.77,43.26,0,0,healthy
2024-07-09T11:30:00,plant_a,78.42,37.22,50.19,0,0,healthy
2024-07-09T12:00:00,plant_a,77.97,37.28,51.23,0,0,healthy
2024-07-09T12:30:00,plant_a,78.99,35.25,52.12,0,0,healthy
2024-07-09T13:00:00,plant_a,80.07,35.72,55.65,0,0,healthy
2024-07-09T13:30:00,plant_a,76.96,34.78,58.37,0,0,healthy
2024-07-09T14:00:00,plant_a,77.89,34.12,59.54,0,0,healthy
2024-07-09T14:30:00,plant_a,75.86,32.91,62.18,0,0,healthy
2024-07-09T15:00:00,plant_a,79.54,32.68,65.7,0,0,healthy
2024-07-09T15:30:00,plant_a,77.23,31.88,70.5,0,0,healthy
2024-07-09T16:00:00,plant_a,76.55,30.69,72.33,0,0,healthy
2024-07-09T16:30:00,plant_a,78.13,30.12,74.51,0,0,healthy
2024-07-09T17:00:00,plant_a,78.06,29.33,75.16,0,0,healthy
2024-07-09T17:30:00,plant_a,77.25,29.85,77.38,0,0,healthy
2024-07-09T18:00:00,plant_a,77.72,28.81,78.7,0,0,healthy
2024-07-09T18:30:00,plant_a,75.36,27.82,79.66,0,0,healthy
2024-07-09T19:00:00,plant_a,77.41,27.99,76.92,0,0,healthy
2024-07-09T19:30:00,plant_a,75.53,28.22,80.62,0,0,healthy
2024-07-09T20:00:00,plant_a,76.0,27.58,81.0,0,0,healthy
2024-07-09T20:30:00,plant_a,76.52,27.94,79.67,0,0,healthy
2024-07-09T21:00:00,plant_a,76.83,28.27,78.98,0,0,healthy
2024-07-09T21:30:00,plant_a,78.6,28.17,79.33,0,0,healthy
2024-07-09T22:00:00,plant_a,74.7,28.35,79.3,0,0,healthy
2024-07-09T22:30:00,plant_a,77.4,29.27,75.46,0,0,healthy
2024-07-09T23:00:00,plant_a,76.93,29.31,76.35,0,0,healthy
2024-07-09T23:30:00,plant_a,73.32,30.14,71.58,0,0,healthy
2024-07-10T00:00:00,plant_a,77.9,28.66,72.46,0,0,healthy
2024-07-10T00:30:00,plant_a,77.96,29.63,65.8,0,0,healthy
2024-07-10T01:00:00,plant_a,75.2,29.99,66.38,0,0,healthy
2024-07-10T01:30:00,plant_a,76.43,30.42,64.39,0,0,healthy
2024-07-10T02:00:00,plant_a,74.63,31.6,60.99,0,0,healthy
2024-07-10T02:30:00,plant_a,75.57,33.15,59.7,0,0,healthy
2024-07-10T03:00:00,plant_a,74.02,32.84,57.15,0,0,healthy
2024-07-10T03:30:00,plant_a,75.61,34.29,52.99,0,0,healthy
2024-07-10T04:00:00,plant_a,76.83,35.05,51.78,0,0,healthy
2024-07-10T04:30:00,plant_a,74.41,35.64,46.01,0,0,healthy
2024-07-10T05:00:00,plant_a,74.81,35.73,45.3,0,0,healthy
2024-07-10T05:30:00,plant_a,73.85,35.7,46.6,0,0,healthy
2024-07-10T06:00:00,plant_a,74.6,36.87,44.04,0,0,healthy
2024-07-10T06:30:00,plant_a,75.99,37.82,41.48,0,0,healthy
2024-07-10T07:00:00,plant_a,95.0,37.17,42.39,1,0,healthy
2024-07-10T07:30:00,plant_a,94.86,38.05,42.02,0,0,healthy
2024-07-10T08:00:00,plant_a,95.0,37.95,40.74,0,0,healthy
2024-07-10T08:30:00,plant_a,92.98,37.82,43.3,0,0,healthy
2024-07-10T09:00:00,plant_a,93.76,37.26,42.21,0,0,healthy
2024-07-10T09:30:00,plant_a,95.0,36.87,38.5,0,0,healthy
2024-07-10T10:00:00,plant_a,93.13,36.98,43.07,0,0,healthy
2024-07-10T10:30:00,plant_a,93.33,36.3,43.77,0,0,healthy
2024-07-10T11:00:00,plant_a,92.43,36.13,47.32,0,0,healthy
2024-07-10T11:30:00,plant_a,91.3,36.03,49.09,0,0,healthy
2024-07-10T12:00:00,plant_a,93.64,34.63,50.99,0,0,healthy
2024-07-10T12:30:00,plant_a,91.4,34.67,55.07,0,0,healthy
2024-07-10T13:00:00,plant_a,92.24,32.77,54.97,0,0,healthy
2024-07-10T13:30:00,plant_a,93.02,32.37,56.8,0,0,healthy
2024-07-10T14:00:00,plant_a,92.29,31.39,62.61,0,0,healthy
2024-07-10T14:30:00,plant_a,93.03,31.22,62.15,0,0,healthy
2024-07-10T15:00:00,plant_a,91.95,30.63,62.64,0,0,healthy
2024-07-10T15:30:00,plant_a,91.76,30.01,70.98,0,0,healthy
2024-07-10T16:00:00,plant_a,90.2,28.85,72.17,0,0,healthy
2024-07-10T16:30:00,plant_a,92.62,27.35,69.77,0,0,healthy
2024-07-10T17:00:00,plant_a,91.21,27.7,74.56,0,0,healthy
2024-07-10T17:30:00,plant_a,90.49,27.49,78.69,0,0,healthy
2024-07-10T18:00:00,plant_a,90.05,26.61,76.19,0,0,healthy
2024-07-10T18:30:00,plant_a,92.73,25.63,77.48,0,0,healthy
2024-07-10T19:00:00,plant_a,89.48,25.52,81.84,0,0,healthy
2024-07-10T19:30:00,plant_a,93.25,25.9,79.93,0,0,healthy
2024-07-10T20:00:00,plant_a,91.26,25.38,82.61,0,0,healthy
2024-07-10T20:30:00,plant_a,90.28,25.96,79.4,0,0,healthy
2024-07-10T21:00:00,plant_a,90.03,25.3,79.95,0,0,healthy
2024-07-10T21:30:00,plant_a,91.29,25.46,77.57,0,0,healthy
2024-07-10T22:00:00,plant_a,89.62,26.42,77.79,0,0,healthy
2024-07-10T22:30:00,plant_a,90.1,27.09,76.42,0,0,healthy
2024-07-10T23:00:00,plant_a,88.11,27.62,76.55,0,0,healthy
2024-07-10T23:30:00,plant_a,90.41,27.38,73.13,0,0,healthy
2024-07-11T00:00:00,plant_a,90.55,31.53,66.81,0,0,healthy
2024-07-11T00:30:00,plant_a,91.38,33.27,64.54,0,0,healthy
2024-07-11T01:00:00,plant_a,90.34,33.3,61.25,0,0,healthy
2024-07-11T01:30:00,plant_a,91.26,34.52,60.23,0,0,healthy
2024-07-11T02:00:00,plant_a,88.84,35.51,58.25,0,0,healthy
2024-07-11T02:30:00,plant_a,87.8,36.14,54.33,0,0,healthy
2024-07-11T03:00:00,plant_a,89.56,35.67,49.32,0,0,healthy
2024-07-11T03:30:00,plant_a,90.29,36.91,50.26,0,0,healthy
2024-07-11T04:00:00,plant_a,87.38,37.33,49.56,0,0,healthy
2024-07-11T04:30:00,plant_a,89.94,38.52,44.85,0,0,healthy
2024-07-11T05:00:00,plant_a,87.88,39.31,44.32,0,0,healthy
2024-07-11T05:30:00,plant_a,88.1,39.88,38.29,0,0,healthy
2024-07-11T06:00:00,plant_a,90.64,40.52,39.33,0,0,healthy
2024-07-11T06:30:00,plant_a,87.94,41.03,37.46,0,0,healthy
2024-07-11T07:00:00,plant_a,88.63,40.59,35.99,0,0,healthy
2024-07-11T07:30:00,plant_a,89.27,40.71,37.56,0,0,healthy
2024-07-11T08:00:00,plant_a,87.43,40.87,36.44,0,0,healthy
2024-07-11T08:30:00,plant_a,86.88,41.16,36.73,0,0,healthy
2024-07-11T09:00:00,plant_a,88.5,41.02,39.21,0,0,healthy
2024-07-11T09:30:00,plant_a,86.67,40.73,37.95,0,0,healthy
2024-07-11T10:00:00,plant_a,87.02,39.83,38.66,0,0,healthy
2024-07-11T10:30:00,plant_a,87.59,39.54,39.73,0,0,healthy
2024-07-11T11:00:00,plant_a,87.63,39.31,40.72,0,0,healthy
2024-07-11T11:30:00,plant_a,86.52,39.03,46.16,0,0,healthy
2024-07-11T12:00:00,plant_a,85.52,37.48,46.14,0,0,healthy
2024-07-11T12:30:00,plant_a,87.55,37.52,45.6,0,0,healthy
2024-07-11T13:00:00,plant_a,86.75,35.59,54.42,0,0,healthy
2024-07-11T13:30:00,plant_a,86.51,35.55,54.24,0,0,healthy
2024-07-11T14:00:00,plant_a,86.08,34.72,57.39,0,0,healthy
2024-07-11T14:30:00,plant_a,84.93,34.04,61.59,0,0,healthy
2024-07-11T15:00:00,plant_a,82.44,33.39,59.78,0,0,healthy
2024-07-11T15:30:00,plant_a,84.48,32.34,68.17,0,0,healthy
2024-07-11T16:00:00,plant_a,83.91,31.87,65.77,0,0,healthy
2024-07-11T16:30:00,plant_a,85.43,31.06,67.89,0,0,healthy
2024-07-11T17:00:00,plant_a,86.46,30.99,71.24,0,0,healthy
2024-07-11T17:30:00,plant_a,86.97,29.91,71.34,0,0,healthy
2024-07-11T18:00:00,plant_a,83.0,30.21,73.08,0,0,healthy
2024-07-11T18:30:00,plant_a,85.27,29.13,72.45,0,0,healthy
2024-07-11T19:00:00,plant_a,82.78,29.24,77.8,0,0,healthy
2024-07-11T19:30:00,plant_a,85.21,29.12,77.55,0,0,healthy
2024-07-11T20:00:00,plant_a,80.4,29.03,76.75,0,0,healthy
2024-07-11T20:30:00,plant_a,83.14,28.71,77.84,0,0,healthy
2024-07-11T21:00:00,plant_a,84.83,29.91,75.72,0,0,healthy
2024-07-11T21:30:00,plant_a,82.46,30.13,74.69,0,0,healthy
2024-07-11T22:00:00,plant_a,82.75,29.17,74.64,0,0,healthy
2024-07-11T22:30:00,plant_a,84.07,30.5,72.89,0,0,healthy
2024-07-11T23:00:00,plant_a,83.97,30.9,71.61,0,0,healthy
2024-07-11T23:30:00,plant_a,84.7,31.61,69.15,0,0,healthy
2024-07-12T00:00:00,plant_a,82.52,30.52,73.05,0,0,healthy
2024-07-12T00:30:00,plant_a,82.86,30.62,74.77,0,0,healthy
2024-07-12T01:00:00,plant_a,81.75,31.91,70.11,0,0,healthy
2024-07-12T01:30:00,plant_a,83.84,32.4,66.65,0,0,healthy
2024-07-12T02:00:00,plant_a,82.43,32.11,62.77,0,0,healthy
2024-07-12T02:30:00,plant_a,84.18,33.66,61.51,0,0,healthy
2024-07-12T03:00:00,plant_a,85.58,34.37,57.98,0,0,healthy
2024-07-12T03:30:00,plant_a,81.99,34.7,54.96,0,0,healthy
2024-07-12T04:00:00,plant_a,80.45,36.42,53.55,0,0,healthy
2024-07-12T04:30:00,plant_a,79.48,37.18,53.2,0,0,healthy
2024-07-12T05:00:00,plant_a,81.48,37.82,50.66,0,0,healthy
2024-07-12T05:30:00,plant_a,80.69,38.07,48.33,0,0,healthy
2024-07-12T06:00:00,plant_a,80.66,37.99,47.21,0,0,healthy
2024-07-12T06:30:00,plant_a,84.29,38.73,45.75,0,0,healthy
2024-07-12T07:00:00,plant_a,80.11,38.89,44.29,0,0,healthy
2024-07-12T07:30:00,plant_a,80.76,38.89,44.01,0,0,healthy
2024-07-12T08:00:00,plant_a,80.36,39.7,46.99,0,0,healthy
2024-07-12T08:30:00,plant_a,79.94,39.0,44.74,0,0,healthy
2024-07-12T09:00:00,plant_a,81.35,38.69,43.74,0,0,healthy
2024-07-12T09:30:00,plant_a,81.15,38.09,48.76,0,0,healthy
2024-07-12T10:00:00,plant_a,80.6,38.27,46.37,0,0,healthy
2024-07-12T10:30:00,plant_a,78.73,38.68,47.92,0,0,healthy
2024-07-12T11:00:00,plant_a,79.28,38.15,51.32,0,0,healthy
2024-07-12T11:30:00,plant_a,79.34,37.03,51.24,0,0,healthy
2024-07-12T12:00:00,plant_a,78.92,36.11,54.36,0,0,healthy
2024-07-12T12:30:00,plant_a,80.44,36.29,53.0,0,0,healthy
2024-07-12T13:00:00,plant_a,81.69,35.16,58.76,0,0,healthy
2024-07-12T13:30:00,plant_a,78.17,33.24,63.1,0,0,healthy
2024-07-12T14:00:00,plant_a,77.16,33.46,63.29,0,0,healthy
2024-07-12T14:30:00,plant_a,76.32,32.58,67.26,0,0,healthy
2024-07-12T15:00:00,plant_a,76.95,31.99,71.8,0,0,healthy
2024-07-12T15:30:00,plant_a,78.48,31.08,70.47,0,0,healthy
2024-07-12T16:00:00,plant_a,76.47,30.04,74.02,0,0,healthy
2024-07-12T16:30:00,plant_a,77.57,29.47,79.83,0,0,healthy
2024-07-12T17:00:00,plant_a,78.09,28.57,76.26,0,0,healthy
2024-07-12T17:30:00,plant_a,75.18,28.04,80.65,0,0,healthy
2024-07-12T18:00:00,plant_a,76.8,27.73,82.12,0,0,healthy
2024-07-12T18:30:00,plant_a,77.68,27.81,82.37,0,0,healthy
2024-07-12T19:00:00,plant_a,76.88,26.88,80.47,0,0,healthy
2024-07-12T19:30:00,plant_a,75.87,26.94,82.52,0,0,healthy
2024-07-12T20:00:00,plant_a,76.56,27.01,81.96,0,0,healthy
2024-07-12T20:30:00,plant_a,76.58,27.39,83.01,0,0,healthy
2024-07-12T21:00:00,plant_a,77.63,27.53,83.82,0,0,healthy
2024-07-12T21:30:00,plant_a,76.15,27.82,83.42,0,0,healthy
2024-07-12T22:00:00,plant_a,74.25,28.43,80.47,0,0,healthy
2024-07-12T22:30:00,plant_a,77.31,27.52,79.13,0,0,healthy
2024-07-12T23:00:00,plant_a,74.46,28.9,78.33,0,0,healthy
2024-07-12T23:30:00,plant_a,76.96,29.56,74.21,0,0,healthy
2024-07-13T00:00:00,plant_a,77.91,27.41,74.2,0,0,healthy
2024-07-13T00:30:00,plant_a,75.29,28.41,70.25,0,0,healthy
2024-07-13T01:00:00,plant_a,77.4,29.69,69.99,0,0,healthy
2024-07-13T01:30:00,plant_a,75.8,29.78,67.15,0,0,healthy
2024-07-13T02:00:00,plant_a,74.76,30.98,65.3,0,0,healthy
2024-07-13T02:30:00,plant_a,75.43,31.89,62.97,0,0,healthy
2024-07-13T03:00:00,plant_a,76.57,33.29,57.39,0,0,healthy
2024-07-13T03:30:00,plant_a,73.99,32.76,56.76,0,0,healthy
2024-07-13T04:00:00,plant_a,73.44,33.73,55.96,0,0,healthy
2024-07-13T04:30:00,plant_a,76.1,35.26,53.81,0,0,healthy
2024-07-13T05:00:00,plant_a,76.32,34.98,50.03,0,0,healthy
2024-07-13T05:30:00,plant_a,76.03,36.05,45.96,0,0,healthy
